year,exam_program,province_code,candidate_count,mean_math_score,mean_literature_score,mean_physics_score,mean_chemistry_score,mean_biology_score,mean_history_score,mean_geography_score,mean_civics_score,mean_economics_law_score,mean_informatics_score,mean_industrial_technology_score,mean_agricultural_technology_score,mean_foreign_language_score,mean_a00_score,mean_a01_score,mean_a02_score,mean_b00_score,mean_c00_score,mean_c01_score,mean_c02_score,mean_d01_score,mean_d07_score,count_math_score,count_literature_score,count_physics_score,count_chemistry_score,count_biology_score,count_history_score,count_geography_score,count_civics_score,count_economics_law_score,count_informatics_score,count_industrial_technology_score,count_agricultural_technology_score,count_foreign_language_score,count_a00_score,count_a01_score,count_a02_score,count_b00_score,count_c00_score,count_c01_score,count_c02_score,count_d01_score,count_d07_score
2021,pre_2025,1,100334,6.951,6.7877,6.7477,6.2923,5.0336,4.8551,6.778,8.1717,,,,,6.4637,21.1836,21.8556,19.9435,19.503,18.5021,21.5248,21.0525,20.6573,21.3572,99576,99123,31018,31043,30582,68420,67914,56961,0,0,0,0,86888,30833,29702,30387,30579,67873,30071,30063,86430,29569
2021,pre_2025,2,85936,7.1604,6.4793,6.283,6.5341,5.577,5.2704,7.0708,8.5881,,,,,7.229,20.4227,21.4562,19.4542,19.7339,18.8344,20.3695,20.6065,21.0626,21.6743,85579,84598,50493,50773,50435,34367,33965,28043,0,0,0,0,75492,50268,47355,49939,50424,33951,49775,49769,75086,47214
2021,pre_2025,3,23156,6.9635,6.3571,6.9177,6.5487,5.5253,5.1414,7.1461,8.8317,,,,,6.5122,21.5461,22.2546,20.5218,20.1619,18.5323,21.5403,21.1558,20.2858,21.8596,23081,22932,8747,8758,8652,14244,14172,12041,0,0,0,0,20703,8718,8554,8613,8652,14163,8570,8568,20639,8529
2021,pre_2025,4,12574,6.8475,5.5897,6.5189,6.4532,5.1862,4.5254,6.5608,8.0107,,,,,6.4474,20.8465,21.411,19.6025,19.5667,16.7217,19.9772,19.8865,19.2205,21.2928,12488,12334,5190,5201,5098,7261,7132,6238,0,0,0,0,11246,5144,4968,5043,5098,7127,5015,5015,11176,4930
2021,pre_2025,5,5590,4.9156,5.3215,6.3555,6.3907,5.3249,4.3711,6.3947,7.585,,,,,4.173,20.3232,20.2196,19.3214,19.4088,16.0246,19.9569,19.9734,14.5609,20.2159,5458,5530,552,551,524,5007,4958,4440,0,0,0,0,4996,541,515,514,524,4956,505,503,4976,504
2021,pre_2025,6,4723,5.3028,5.7893,6.445,6.4685,5.3321,4.9824,6.8106,7.964,,,,,4.5147,20.5984,20.9543,19.5063,19.611,17.466,20.7003,20.6896,15.7189,20.9676,4411,4605,605,611,548,4038,4008,3463,0,0,0,0,4066,588,535,525,548,4004,512,512,4037,520
2021,pre_2025,7,3549,6.0606,5.6487,6.407,6.656,5.7172,5.1826,6.9968,8.2969,,,,,4.9467,20.832,20.1314,19.874,20.12,17.7347,20.2335,20.4926,16.8866,20.3677,3429,3508,613,612,586,2921,2859,2508,0,0,0,0,3101,606,586,580,586,2859,578,578,3091,579
2021,pre_2025,8,7301,6.2232,6.5327,6.5648,6.5944,5.9415,5.2038,7.1157,8.6856,,,,,5.2363,20.9409,20.7112,20.2934,20.3396,18.741,21.3269,21.345,18.3882,20.7265,7209,7253,1454,1465,1436,5812,5761,4867,0,0,0,0,6294,1450,1412,1424,1436,5760,1421,1422,6286,1411
2021,pre_2025,9,8645,5.8665,6.0837,6.6024,7.0226,6.1207,5.056,7.0384,8.4661,,,,,5.0234,21.5381,21.1926,20.6524,21.0859,18.1102,21.1427,21.5586,17.1512,21.6101,8481,8588,1062,1071,1042,7535,7472,6900,0,0,0,0,7961,1059,1024,1030,1042,7470,1023,1023,7947,1022
2021,pre_2025,10,9492,5.5715,6.2256,6.5,6.4928,5.6262,4.9908,7.0305,8.42,,,,,4.9328,20.8007,20.9258,19.984,19.9876,18.1507,21.1033,21.0971,17.3044,20.8764,9224,9373,1205,1212,1141,8189,8134,6476,0,0,0,0,7681,1187,1141,1118,1141,8132,1113,1113,7642,1126
2021,pre_2025,11,2884,5.7379,6.2435,6.6481,6.7181,5.859,5.2559,7.1957,8.5956,,,,,4.9082,21.1436,21.3682,20.3863,20.4851,18.6225,21.2128,21.3009,17.1943,21.4731,2678,2852,297,298,282,2559,2542,2045,0,0,0,0,2337,290,278,274,282,2539,274,273,2330,271
2021,pre_2025,12,16847,6.1376,6.1979,6.6223,6.8118,5.3288,4.7704,6.7937,8.198,,,,,5.2666,21.403,20.7477,19.9225,20.134,17.6903,21.0351,21.2063,18.3176,20.9124,16628,16651,3921,3941,3860,12817,12728,9520,0,0,0,0,13356,3903,3767,3824,3860,12717,3780,3777,13299,3754
2021,pre_2025,13,8088,5.8364,6.2481,6.631,6.7047,5.5587,4.7928,6.8428,8.1941,,,,,5.5139,21.2863,21.802,20.2426,20.3423,17.8186,21.3519,21.4132,18.0115,21.8659,7929,8033,956,961,932,7091,7024,5739,0,0,0,0,6701,951,923,922,932,7023,913,913,6689,919
2021,pre_2025,14,11384,5.2591,6.1225,6.538,6.6819,5.7117,4.6675,6.733,8.2623,,,,,4.4137,21.0616,20.6932,20.1226,20.2842,17.4734,21.0774,21.2201,16.1139,20.8301,11034,11268,1045,1064,1013,10265,10156,8583,0,0,0,0,9599,1031,982,980,1012,10148,968,967,9572,970
2021,pre_2025,15,16085,6.5341,6.3947,6.9403,7.0369,5.6061,5.4817,7.292,8.8477,,,,,5.8183,22.1149,21.5115,20.7078,20.8178,19.135,21.6221,21.6993,19.2866,21.5866,15923,15916,3248,3260,3179,12715,12631,10184,0,0,0,0,13425,3225,3145,3144,3179,12628,3117,3114,13384,3124
2021,pre_2025,16,13953,6.8238,6.8339,7.0872,6.9097,5.7936,5.659,7.3254,9.0477,,,,,6.2729,22.1143,21.7269,21.0493,20.8799,19.7852,22.2061,22.0171,20.9334,21.5331,13841,13771,4136,4141,4054,9710,9626,6448,0,0,0,0,10497,4118,3976,4026,4049,9621,3986,3985,10463,3960
2021,pre_2025,17,16311,6.1384,6.2978,6.8623,6.3871,5.3153,4.7865,6.8499,8.3159,,,,,5.8755,21.3392,22.0527,20.2812,19.8079,17.8621,21.5849,21.1008,18.8481,21.5742,16166,16140,3155,3139,3078,13077,13000,10655,0,0,0,0,13648,3116,3055,3055,3078,12989,3022,3021,13565,3018
2021,pre_2025,18,17849,6.6386,6.7162,6.8257,6.7087,5.362,4.9474,6.9418,8.4994,,,,,5.8287,21.5546,21.2433,20.225,20.1215,18.5131,21.8254,21.6949,19.7277,21.0954,17705,17654,4888,4895,4795,12832,12788,9966,0,0,0,0,14822,4866,4751,4766,4794,12782,4727,4725,14771,4735
2021,pre_2025,19,16274,6.9588,6.5537,7.0947,6.8322,5.0667,4.8918,6.9027,8.4542,,,,,5.9905,22.0729,21.6862,20.316,20.0606,18.2646,21.9884,21.7052,19.9344,21.4067,16224,16073,6015,6015,5928,10161,10057,8315,0,0,0,0,14277,5990,5861,5903,5928,10053,5846,5844,14222,5839
2021,pre_2025,21,22182,6.9194,6.614,7.005,6.7343,5.3596,5.0269,7.1016,8.7029,,,,,5.9691,21.8902,21.6606,20.5102,20.2638,18.679,21.9284,21.6332,20.1087,21.3484,22110,21862,6628,6672,6555,15343,15296,11742,0,0,0,0,18337,6597,6419,6480,6553,15282,6394,6391,18251,6398
2021,pre_2025,22,12295,6.776,6.0394,6.9515,6.8984,5.1455,4.9169,6.8274,8.1966,,,,,5.6569,22.0166,21.3145,20.3151,20.2845,17.7257,21.3631,21.2935,19.0828,21.2532,12146,12100,3538,3549,3476,8648,8583,6593,0,0,0,0,10068,3515,3413,3442,3476,8582,3385,3385,10016,3394
2021,pre_2025,23,9443,5.1906,6.0171,6.5521,6.5113,5.2035,4.6709,6.6941,8.0731,,,,,4.3774,20.9455,20.3859,19.6497,19.6082,17.3319,20.7924,20.7499,15.9098,20.3347,9323,9335,1325,1329,1279,8077,7961,6945,0,0,0,0,8236,1314,1254,1264,1279,7955,1241,1239,8213,1243
2021,pre_2025,24,9627,7.1093,7.1458,6.9789,7.029,5.5782,5.3962,7.2701,8.8756,,,,,5.8749,22.1968,21.6948,20.7643,20.83,19.7275,22.5081,22.5543,20.6697,21.7352,9500,9482,3135,3140,3080,6395,6333,5155,0,0,0,0,8261,3120,3026,3060,3080,6328,3018,3017,8228,3011
2021,pre_2025,25,20849,7.4229,6.8216,7.0346,7.175,5.8655,5.7046,7.5034,8.9888,,,,,6.4555,22.3587,21.8267,21.0569,21.2065,20.0043,22.0426,22.1735,21.0813,21.9551,20786,20522,10411,10408,10252,10282,10242,8267,0,0,0,0,18487,10369,10110,10214,10251,10235,10127,10125,18410,10074
2021,pre_2025,26,22768,7.0584,6.4763,6.8156,6.8851,5.5236,5.1503,7.1123,8.7086,,,,,5.9689,21.7507,21.2464,20.3887,20.4772,18.5255,21.6091,21.6673,19.9533,21.2905,22661,22362,10125,10165,10000,12448,12398,9505,0,0,0,0,19493,10086,9814,9926,9999,12393,9806,9806,19407,9785
2021,pre_2025,27,11008,7.0615,6.8175,7.0087,7.006,5.8191,5.624,7.3654,9.072,,,,,6.3594,22.1908,21.8915,21.0458,21.0577,19.7227,22.2229,22.2149,20.911,21.875,10914,10833,3844,3862,3765,7059,7007,5362,0,0,0,0,9165,3831,3716,3735,3764,7007,3703,3702,9131,3708
2021,pre_2025,28,39884,6.277,7.0529,6.7307,6.6595,5.1964,4.8498,6.8817,8.4224,,,,,5.1408,21.3628,20.5082,19.8962,19.8414,18.7528,21.8395,21.7528,18.9807,20.4016,39503,39214,10853,10885,10547,28710,28553,23346,0,0,0,0,33927,10794,10359,10457,10545,28527,10303,10299,33792,10310
2021,pre_2025,29,34327,6.4698,7.0232,6.6062,6.6541,5.163,4.763,6.9393,8.2511,,,,,4.9736,21.2512,20.2801,19.7486,19.8337,18.7278,21.5741,21.6129,18.6274,20.274,34048,33567,10123,10175,9934,23852,23794,21605,0,0,0,0,31308,10065,9548,9824,9932,23763,9493,9489,31160,9496
2021,pre_2025,30,17199,6.6407,7.0521,6.9503,6.919,5.3558,5.0644,7.1444,8.5566,,,,,5.3596,22.0376,21.2307,20.4648,20.4675,19.2727,22.1135,22.058,19.378,21.1548,16981,16879,4359,4373,4231,12654,12624,10999,0,0,0,0,15211,4325,4127,4183,4231,12603,4094,4092,15152,4097
2021,pre_2025,31,11852,6.147,6.162,6.5235,6.5707,5.3172,4.7863,6.9646,8.1889,,,,,5.0378,20.9378,20.5269,19.6659,19.7494,17.864,20.7225,20.7702,17.4342,20.5526,11684,11698,2223,2230,2155,9559,9503,8926,0,0,0,0,11092,2209,2121,2134,2155,9496,2106,2105,11052,2107
2021,pre_2025,32,8485,6.2728,5.7422,6.5859,6.6157,5.2662,4.6693,6.7956,7.8628,,,,,5.1439,21.0591,20.6044,19.7566,19.7943,17.1714,20.2993,20.3171,17.2235,20.616,8291,8318,2547,2549,2448,5873,5826,5384,0,0,0,0,7830,2529,2420,2428,2447,5817,2404,2403,7795,2402
2021,pre_2025,33,13245,6.6503,6.3468,6.7336,7.0001,5.5342,4.7388,6.8119,8.0539,,,,,5.7042,21.732,21.3936,20.2321,20.5789,17.8954,21.0917,21.3299,18.7789,21.6206,13077,13011,4150,4213,4138,8942,8902,8285,0,0,0,0,12350,4128,4000,4052,4137,8884,4016,4016,12286,3985
2021,pre_2025,34,16644,6.5177,6.0439,6.6496,6.6363,5.3272,4.5376,6.6467,7.768,,,,,5.3228,21.0822,20.7079,19.7929,19.8027,17.1284,20.7098,20.6708,18.0307,20.6783,16423,16433,5923,5958,5861,10607,10520,9876,0,0,0,0,15716,5902,5793,5806,5861,10518,5780,5779,15677,5775
2021,pre_2025,35,11789,6.5934,6.5754,6.5981,6.7536,5.0312,4.5472,6.4971,7.5298,,,,,5.5045,21.1556,20.5412,19.4538,19.6254,17.3598,21.3574,21.5118,18.9546,20.6873,11617,11669,4864,4880,4815,6878,6830,5946,0,0,0,0,10703,4856,4737,4792,4814,6826,4773,4774,10682,4732
2021,pre_2025,36,4615,6.3723,6.076,6.6105,6.599,5.6774,4.8552,6.8672,8.1366,,,,,5.3075,20.9585,20.614,20.0205,20.0187,17.7299,20.5473,20.5359,17.9525,20.5603,4552,4565,1573,1568,1550,3016,2984,2704,0,0,0,0,4248,1561,1530,1543,1550,2980,1534,1534,4231,1518
2021,pre_2025,37,15350,6.8069,5.8871,6.7533,6.807,5.4876,4.5676,6.8973,8.2709,,,,,6.0334,21.5296,21.717,20.2255,20.2821,17.2277,20.8598,20.9057,18.7931,21.7714,15201,15223,5306,5308,5243,9988,9928,9507,0,0,0,0,14755,5282,5219,5220,5243,9927,5205,5203,14711,5204
2021,pre_2025,38,13883,6.2983,5.9187,6.4931,6.6083,5.4794,4.8197,6.7692,8.2086,,,,,5.2586,20.8103,20.45,19.6766,19.8068,17.3922,20.3393,20.4458,17.6369,20.5511,13653,13672,4596,4612,4513,9167,9090,8368,0,0,0,0,12879,4571,4463,4472,4513,9086,4440,4439,12830,4442
2021,pre_2025,39,9455,6.4251,5.6671,6.3284,6.5742,5.3503,4.561,6.6652,7.6929,,,,,5.2657,20.6185,20.4058,19.4005,19.6609,16.8051,19.8864,20.1299,17.4237,20.6345,9328,9342,3141,3142,3092,6275,6209,5933,0,0,0,0,8990,3124,3041,3074,3092,6208,3050,3048,8960,3025
2021,pre_2025,40,19686,6.1718,6.1085,6.4218,6.5493,5.2836,4.6364,6.6628,7.8903,,,,,5.094,20.6403,20.2203,19.3735,19.5255,17.2882,20.4304,20.5493,17.5844,20.3231,19522,19342,6745,6795,6634,12780,12652,11425,0,0,0,0,18004,6712,6492,6554,6634,12639,6501,6497,17933,6468
2021,pre_2025,41,13791,6.538,5.6979,6.2921,6.3154,5.3372,4.6584,6.7877,8.1021,,,,,6.0412,20.1408,20.5591,19.1627,19.2007,16.954,19.7449,19.7606,18.6569,20.5557,13732,13667,6507,6500,6450,7223,7164,5527,0,0,0,0,12004,6475,6339,6426,6449,7158,6419,6414,11952,6311
2021,pre_2025,42,14114,6.8096,6.6776,6.6365,6.7907,5.9127,5.0629,7.1463,8.457,,,,,6.1993,21.1982,21.5278,20.3202,20.4865,18.8044,21.2235,21.3695,19.7321,21.6542,13995,13917,5247,5253,5148,8767,8707,8201,0,0,0,0,13319,5214,5055,5111,5148,8701,5096,5095,13262,5027
2021,pre_2025,43,10320,6.6083,5.9795,6.3236,6.3559,5.4814,4.9452,7.0256,8.4544,,,,,5.5949,20.2066,19.9252,19.338,19.3757,17.83,19.9847,20.0048,18.4812,19.9434,10210,10201,4736,4733,4655,5548,5492,4780,0,0,0,0,9443,4718,4639,4641,4655,5492,4632,4632,9423,4622
2021,pre_2025,44,12952,7.1318,6.8027,6.7891,7.0496,6.2827,5.7709,7.5247,9.041,,,,,7.1064,21.6921,22.2297,20.9749,21.2311,20.0103,21.6541,21.9065,21.5001,22.4999,12890,12764,5849,5830,5720,7046,6896,5019,0,0,0,0,10628,5807,5538,5697,5720,6895,5690,5688,10572,5499
2021,pre_2025,45,5946,6.2048,6.1685,6.3203,6.5134,5.3843,4.5382,6.6532,7.8661,,,,,5.3084,20.4796,20.4622,19.3463,19.5659,17.2771,20.3516,20.5443,17.8676,20.6448,5890,5867,1831,1842,1822,4068,4001,3647,0,0,0,0,5475,1820,1784,1800,1822,3990,1794,1795,5443,1774
2021,pre_2025,46,9608,6.6578,6.9003,6.3701,6.4869,5.6787,4.9604,6.9718,8.4872,,,,,5.5144,20.3448,20.1245,19.5328,19.6581,18.6679,20.956,21.0728,19.2682,20.2314,9501,9512,4399,4400,4353,5156,5056,4512,0,0,0,0,8895,4383,4338,4334,4351,5052,4329,4329,8864,4324
2021,pre_2025,47,11984,6.5909,6.4616,6.5959,6.6855,5.7887,4.9751,6.9717,8.4219,,,,,5.9672,20.9875,21.2047,20.0941,20.1896,18.3026,20.9786,21.0529,19.1537,21.2816,11811,11834,3827,3855,3793,8069,7974,7432,0,0,0,0,11215,3805,3744,3744,3791,7973,3731,3729,11180,3725
2021,pre_2025,48,30239,6.5249,5.906,6.4604,6.602,5.4105,4.8277,6.8045,8.1941,,,,,6.1434,20.7274,21.055,19.5333,19.6876,17.3861,20.2868,20.4257,19.1643,21.1795,30101,29973,11161,11167,11068,18903,18770,13813,0,0,0,0,24682,11104,10776,11007,11068,18757,10975,10974,24585,10731
2021,pre_2025,49,16295,6.62,6.6528,6.1189,6.631,5.6328,4.9297,7.0279,8.6269,,,,,5.7786,20.1368,19.8768,19.1543,19.6747,18.2835,20.4961,21.0071,19.3389,20.3928,16203,16175,8196,8209,8144,8045,7880,6415,0,0,0,0,14523,8177,8087,8114,8144,7880,8108,8109,14498,8073
2021,pre_2025,50,10476,6.4987,6.7968,6.2081,6.6744,5.8619,5.104,7.0812,8.5447,,,,,5.5825,20.3616,20.0902,19.5466,20.0262,18.8112,20.7383,21.2069,19.0717,20.5556,10397,10378,4068,4103,4062,6350,6183,5542,0,0,0,0,9571,4059,4015,4018,4062,6181,4016,4015,9559,4007
2021,pre_2025,51,12059,6.8354,7.0648,6.6182,6.8089,6.1675,5.7547,7.4569,8.8265,,,,,6.2838,21.1012,21.311,20.4541,20.661,20.1947,21.4918,21.6829,20.3629,21.4892,11876,11977,4519,4545,4517,7484,7325,6672,0,0,0,0,11133,4514,4429,4485,4516,7320,4475,4475,11121,4424
2021,pre_2025,52,12906,6.9476,6.6385,6.2613,6.4006,5.369,4.8964,6.9392,8.5022,,,,,6.7356,20.2566,20.9605,19.2291,19.3732,18.3067,20.6451,20.7836,20.6641,21.08,12856,12789,6998,6981,6918,5852,5792,4633,0,0,0,0,11483,6965,6820,6903,6918,5791,6900,6897,11438,6792
2021,pre_2025,53,16113,6.9351,6.9705,6.4296,6.6487,5.7401,5.1341,7.1777,8.6152,,,,,6.0232,20.6088,20.4721,19.6959,19.9254,19.0137,21.1503,21.3646,20.1252,20.6787,16028,15980,8774,8808,8753,7264,7150,6384,0,0,0,0,15071,8756,8662,8701,8751,7149,8696,8695,15041,8646
2021,pre_2025,54,13643,6.1805,6.3231,6.0601,6.305,5.841,5.0651,6.9479,8.487,,,,,5.3188,19.7812,19.7339,19.3112,19.5567,18.1797,20.1404,20.3904,18.1136,19.9806,13385,13477,4223,4292,4235,9317,9163,7817,0,0,0,0,11974,4210,4140,4153,4235,9157,4146,4146,11949,4128
2021,pre_2025,55,12061,6.6077,6.7541,6.4232,6.8767,6.1574,5.218,7.0936,8.5115,,,,,5.8239,20.9551,20.9193,20.1884,20.7992,18.9703,21.1022,21.4618,19.4475,21.273,11876,11528,4448,4774,4674,7220,7068,6085,0,0,0,0,10369,4424,4230,4326,4672,7064,4265,4271,10321,4211
2021,pre_2025,56,13135,6.6697,6.2807,6.5332,6.8528,6.1347,5.1316,7.1452,8.7148,,,,,5.6566,21.0761,20.8954,20.356,20.6873,18.342,20.879,21.2056,18.888,21.2132,12994,13007,4781,4838,4787,8264,8198,6823,0,0,0,0,11518,4771,4680,4720,4787,8198,4721,4718,11504,4673
2021,pre_2025,57,11286,6.6566,5.9928,6.7024,6.8852,6.5014,5.3461,7.3144,8.8281,,,,,5.9922,21.273,21.3289,20.9,21.08,18.4828,20.7572,20.9404,18.9892,21.5201,11207,11190,3759,3799,3769,7462,7374,6175,0,0,0,0,9888,3752,3700,3719,3766,7370,3716,3716,9875,3693
2021,pre_2025,58,8768,5.9627,6.1541,6.0759,6.5441,5.9842,4.7707,6.9026,8.2793,,,,,4.8649,19.9678,19.6195,19.4129,19.9157,17.6161,20.191,20.6497,17.1562,20.0796,8651,8694,2338,2368,2342,6386,6245,5700,0,0,0,0,8011,2332,2299,2307,2342,6244,2301,2301,8001,2295
2021,pre_2025,59,9584,6.075,7.0286,6.1529,6.2926,5.6454,4.7066,6.8504,8.2595,,,,,5.0536,19.8465,19.8431,19.1964,19.3375,18.4104,20.9439,21.0775,18.2659,19.9782,9386,9488,2962,3016,2988,6555,6463,5937,0,0,0,0,8848,2960,2896,2933,2988,6460,2929,2929,8835,2897
2021,pre_2025,60,6309,6.7996,6.8521,6.5316,6.7013,6.0673,5.5676,7.3378,8.7196,,,,,5.8506,20.9156,20.8267,20.2772,20.4609,19.6752,21.2085,21.3774,19.6601,20.9938,6115,6208,2341,2386,2347,3906,3851,3400,0,0,0,0,5697,2334,2292,2296,2347,3849,2295,2295,5687,2286
2021,pre_2025,61,10871,6.3091,6.4168,6.0082,6.1954,5.7402,5.1567,7.1218,8.6505,,,,,5.1651,19.4315,19.1182,18.9735,19.1642,18.571,19.8318,20.0134,17.927,19.2982,10749,10770,4629,4670,4629,6183,6117,5935,0,0,0,0,10520,4625,4573,4585,4629,6114,4577,4577,10512,4569
2021,pre_2025,62,6245,5.5672,6.405,6.136,6.7304,5.6987,5.0091,6.8659,8.0496,,,,,4.4855,20.5584,19.8188,19.5346,20.1845,18.1784,20.6876,21.2967,16.6201,20.3888,5881,6158,827,840,789,5378,5274,4487,0,0,0,0,5264,822,766,771,789,5269,760,759,5252,761
2021,pre_2025,63,6653,6.1742,5.5084,6.1712,6.3575,5.2796,4.9492,6.8429,8.0049,,,,,4.7693,20.0337,19.3841,18.9569,19.172,17.1869,19.3821,19.5672,16.5243,19.5451,6543,6565,2388,2389,2342,4232,4193,3914,0,0,0,0,6266,2374,2328,2326,2341,4191,2319,2317,6246,2314
2021,pre_2025,64,6785,6.0411,6.2763,6.123,6.5431,5.7417,4.8606,6.9837,8.3854,,,,,4.5907,19.9186,18.8327,19.1728,19.593,18.0093,19.9634,20.391,17.024,19.2657,6703,6691,2267,2297,2251,4474,4380,4122,0,0,0,0,6342,2263,2212,2216,2250,4379,2214,2214,6333,2208
2022,pre_2025,1,96942,6.7658,6.6525,6.8402,6.3104,4.6406,6.4766,6.5576,7.927,,,,,5.8316,21.1286,21.2938,19.4671,18.9505,19.7456,21.2975,20.7297,19.7168,20.7005,95769,95577,26137,26169,25698,69419,69211,56993,0,0,0,0,81922,25914,24435,25475,25692,69152,25066,25062,81414,24298
2022,pre_2025,2,84596,7.0571,6.3406,6.468,6.5919,4.9871,6.4504,6.7419,8.2011,,,,,6.3964,20.5757,20.7248,18.9589,19.121,19.492,20.3739,20.4758,19.9988,20.8065,84094,83072,46752,47182,46804,36476,36217,29545,0,0,0,0,73249,46496,43665,46152,46790,36187,45962,45963,72697,43543
2022,pre_2025,3,22399,6.9162,7.6877,7.0774,6.8453,5.174,6.852,7.0848,8.5922,,,,,5.7761,21.8796,21.4298,20.204,19.9802,21.5319,22.903,22.6551,20.8298,21.1583,22307,22089,7467,7449,7336,14655,14633,12494,0,0,0,0,19835,7400,7170,7295,7335,14616,7213,7208,19704,7122
2022,pre_2025,4,12575,6.7496,5.8221,6.6146,6.4938,4.6024,5.7868,6.2796,7.7546,,,,,5.7541,20.8099,20.5187,18.9071,18.8317,17.9353,20.1007,19.9435,18.658,20.3266,12433,12321,5312,5341,5271,7101,7042,5979,0,0,0,0,11004,5262,5020,5190,5268,7035,5151,5147,10907,4979
2022,pre_2025,5,5863,4.6968,5.2522,6.534,6.5025,4.9671,5.5772,6.0706,7.1603,,,,,3.7898,20.4861,19.597,18.8793,18.9178,16.8236,19.9674,19.9266,13.8972,19.5073,5723,5809,492,499,479,5322,5296,4705,0,0,0,0,5222,484,470,466,479,5293,460,459,5200,464
2022,pre_2025,6,5043,5.1731,5.7354,6.739,6.9624,5.1868,6.3991,6.4624,7.6642,,,,,4.2015,21.3513,20.5152,19.5971,19.9253,18.5052,20.9199,21.1734,15.3044,20.7513,4757,4945,523,525,479,4446,4431,3787,0,0,0,0,4297,507,468,462,477,4426,447,447,4270,455
2022,pre_2025,7,3662,5.8156,5.0397,6.4891,6.4693,5.162,6.2866,6.6957,7.8385,,,,,4.2674,20.4554,18.9853,19.121,19.1068,17.9388,19.3616,19.335,15.379,18.9468,3547,3624,598,602,577,3053,3045,2597,0,0,0,0,3167,597,567,572,577,3044,565,565,3165,566
2022,pre_2025,8,7204,6.2278,6.537,6.9892,6.9455,5.6373,6.5357,6.9821,8.3396,,,,,4.7276,21.7573,20.662,20.4585,20.4276,19.9919,21.6398,21.5845,17.7978,20.605,7077,7150,1231,1238,1216,5922,5920,5121,0,0,0,0,6350,1223,1196,1201,1216,5911,1195,1195,6336,1192
2022,pre_2025,9,8425,5.7901,6.3657,6.9697,7.3974,5.9796,6.7318,6.7968,8.1583,,,,,4.6617,22.1703,20.8476,20.7826,21.2125,19.8434,21.5538,21.9885,16.9739,21.3014,8237,8339,1040,1053,1017,7318,7297,6747,0,0,0,0,7769,1028,994,993,1017,7295,980,980,7746,989
2022,pre_2025,10,9608,5.5302,5.8966,6.6373,6.6117,5.2996,6.2562,6.6796,8.0355,,,,,4.4288,20.9394,20.1049,19.5889,19.584,18.7231,20.8083,20.7633,16.4763,20.0119,9343,9458,1227,1235,1154,8244,8218,6339,0,0,0,0,7566,1199,1145,1120,1154,8215,1114,1113,7517,1122
2022,pre_2025,11,3053,5.5515,6.2704,6.5364,6.4398,5.5088,6.5608,6.8471,8.0957,,,,,4.2053,20.5373,19.7711,19.647,19.5146,19.6154,20.8437,20.729,16.414,19.6409,2888,3022,275,274,256,2734,2727,2225,0,0,0,0,2509,268,256,251,256,2723,252,251,2499,252
2022,pre_2025,12,15083,5.922,6.5312,6.6213,6.9096,4.8922,6.0977,6.4821,7.7019,,,,,4.7188,21.3202,19.9582,19.289,19.5977,19.0365,21.1935,21.4579,17.7658,20.2282,14809,14901,3229,3262,3198,11707,11681,9161,0,0,0,0,12340,3213,3099,3155,3195,11671,3104,3107,12284,3097
2022,pre_2025,13,8048,5.6219,6.1888,6.8778,7.1421,5.5398,6.2647,6.5332,7.7599,,,,,4.9496,21.9532,21.1277,20.3619,20.6439,18.9116,21.5932,21.8514,17.2064,21.3899,7849,7991,863,869,849,7124,7113,5768,0,0,0,0,6636,855,830,837,849,7112,821,821,6618,825
2022,pre_2025,14,11325,5.2874,5.7953,6.8589,6.9841,5.5119,6.1627,6.546,8.0579,,,,,4.0302,21.6063,20.0811,20.1252,20.2766,18.4449,20.9654,21.1207,15.3621,20.2497,10830,11218,976,993,946,10265,10241,8598,0,0,0,0,9528,961,918,916,946,10231,903,903,9498,909
2022,pre_2025,15,15808,6.4464,6.9626,7.1457,7.1017,5.3139,6.8866,7.1032,8.4725,,,,,5.0641,22.2633,20.8246,20.4676,20.444,20.9532,22.0931,22.0469,18.9171,20.7638,15628,15653,3023,3043,2991,12657,12630,10284,0,0,0,0,13284,3011,2914,2959,2990,12626,2900,2901,13254,2904
2022,pre_2025,16,13873,6.9199,7.4367,7.3913,7.095,5.5423,7.1724,7.2457,8.7799,,,,,5.6549,22.5634,21.3365,21.0197,20.7292,21.847,22.9361,22.6205,20.9288,21.0048,13724,13691,4083,4089,4005,9671,9650,6424,0,0,0,0,10396,4068,3906,3986,4004,9643,3928,3927,10358,3895
2022,pre_2025,17,15624,5.9337,6.2328,6.9688,6.519,4.932,6.1462,6.5037,7.9801,,,,,5.2337,21.3792,21.2454,19.8138,19.3794,18.8047,21.5104,21.0444,18.008,20.7372,15451,15458,2673,2676,2618,12807,12769,10119,0,0,0,0,12662,2648,2547,2590,2616,12764,2545,2543,12600,2530
2022,pre_2025,18,20553,6.4693,6.8214,7.0425,6.9164,5.183,6.5578,6.9719,8.2388,,,,,5.0729,21.8724,20.6317,20.1416,20.0297,20.2791,22.0012,21.854,18.8361,20.4713,20391,20315,4961,4979,4887,15414,15399,12428,0,0,0,0,17270,4936,4799,4847,4887,15390,4773,4774,17202,4785
2022,pre_2025,19,15850,6.8753,7.0834,7.504,7.2358,4.8944,6.7376,6.9188,8.2355,,,,,5.4292,22.7297,21.2281,20.3824,20.1285,20.6619,22.7339,22.4642,19.8361,20.9426,15758,15660,5493,5496,5418,10239,10203,8207,0,0,0,0,13643,5469,5358,5394,5418,10198,5334,5332,13575,5338
2022,pre_2025,21,20422,6.7051,6.8253,7.0926,6.8414,4.8872,6.3796,6.8128,8.3394,,,,,5.174,21.8957,20.6621,19.9253,19.7011,19.9377,22.0558,21.79,19.3231,20.3779,20328,20166,6008,6023,5930,14187,14151,11044,0,0,0,0,17045,5974,5836,5881,5929,14146,5806,5798,16975,5805
2022,pre_2025,22,13885,6.6268,5.7593,6.8998,6.9151,4.6019,6.1336,6.4898,7.8797,,,,,4.9796,21.8001,20.1882,19.4804,19.5122,18.3217,20.7543,20.74,17.9961,20.1581,13734,13632,3994,4000,3922,9725,9707,7437,0,0,0,0,11328,3963,3819,3892,3922,9699,3780,3778,11257,3799
2022,pre_2025,23,9575,5.342,6.8858,6.9569,7.0577,5.144,6.2743,6.6394,8.0553,,,,,4.247,21.9062,20.3435,20.0049,20.105,19.7794,21.9605,22.0481,16.807,20.4421,9430,9489,1242,1253,1207,8287,8235,7149,0,0,0,0,8344,1238,1175,1192,1205,8231,1173,1173,8329,1171
2022,pre_2025,24,9183,6.9814,7.3626,7.1202,7.0892,5.0967,6.6164,6.9472,8.5065,,,,,5.1184,22.2067,20.8087,20.208,20.2065,20.8284,22.6977,22.6487,20.0175,20.7437,9053,9035,2833,2846,2784,6191,6167,4964,0,0,0,0,7837,2813,2738,2754,2784,6161,2723,2721,7798,2727
2022,pre_2025,25,19769,7.4022,7.2144,7.2363,7.3347,5.5067,7.0967,7.3623,8.6591,,,,,5.6135,22.5758,20.9384,20.7349,20.8433,21.6529,22.4491,22.5381,20.5567,21.0237,19667,19401,9880,9904,9746,9625,9629,7640,0,0,0,0,17436,9850,9608,9698,9746,9621,9563,9565,17357,9593
2022,pre_2025,26,20145,6.9973,6.3923,6.9317,7.0415,5.1975,6.6466,6.9556,8.4172,,,,,5.1508,21.8832,20.3339,20.0301,20.1655,19.8277,21.4454,21.5414,18.9038,20.4161,20002,19658,8420,8478,8309,11420,11391,9180,0,0,0,0,17432,8380,8073,8217,8307,11381,8044,8040,17323,8049
2022,pre_2025,27,10501,6.9995,7.3565,7.4279,7.3403,5.4505,7.02,7.2755,8.6724,,,,,5.4594,22.8694,21.3589,20.9851,20.9054,21.594,23.0228,22.9181,20.3146,21.249,10374,10325,3320,3335,3257,7051,7026,5725,0,0,0,0,8990,3307,3191,3229,3257,7020,3176,3173,8956,3183
2022,pre_2025,28,37466,6.0801,7.1818,6.9888,6.7468,4.7621,6.2031,6.6064,8.0405,,,,,4.5117,21.5881,19.9788,19.5933,19.3633,19.9642,22.0733,21.8026,18.1922,19.6956,36933,36859,9334,9365,9121,27621,27560,23173,0,0,0,0,32397,9269,8908,9034,9117,27525,8852,8842,32261,8870
2022,pre_2025,29,36564,6.319,7.2085,6.9417,7.0878,4.9474,6.4133,6.6939,7.9685,,,,,4.5574,21.8718,19.9195,19.7041,19.8861,20.2995,21.9919,22.1233,18.3063,20.0244,36240,35854,10219,10297,10088,25950,25901,22750,0,0,0,0,32586,10159,9692,9950,10085,25888,9663,9658,32458,9642
2022,pre_2025,30,17304,6.548,7.3409,7.2908,7.2247,5.0463,6.6928,7.0376,8.3073,,,,,4.9872,22.5603,20.87,20.3643,20.3242,21.068,22.6545,22.5792,19.3518,20.7697,17122,17018,4140,4170,4054,13011,13005,10475,0,0,0,0,14462,4120,3921,4007,4053,12993,3904,3904,14411,3907
2022,pre_2025,31,11115,5.9306,6.0962,6.7585,6.9193,4.9278,6.3491,6.5454,7.873,,,,,4.6235,21.3452,19.9346,19.3326,19.5099,18.9145,20.8071,20.9554,16.7429,20.0682,10962,10962,2033,2031,1966,9028,8982,8440,0,0,0,0,10388,2014,1916,1950,1966,8976,1907,1902,10355,1899
2022,pre_2025,32,8643,6.2001,5.6023,6.8412,6.8171,4.719,5.9795,6.3756,7.621,,,,,4.5209,21.4536,20.0545,19.3388,19.3435,17.9177,20.3005,20.2793,16.3999,19.9961,8462,8449,2586,2594,2506,5974,5954,5464,0,0,0,0,7944,2568,2442,2482,2506,5942,2423,2422,7891,2428
2022,pre_2025,33,13296,6.4913,6.4485,6.9162,7.0456,4.8868,6.1432,6.4568,7.8001,,,,,4.8989,21.814,20.4921,19.6357,19.8138,19.0345,21.269,21.3739,17.9835,20.5888,13129,13084,4074,4133,4071,9075,9073,8350,0,0,0,0,12340,4061,3929,3999,4069,9049,3947,3946,12283,3919
2022,pre_2025,34,16739,6.355,5.9745,7.0044,6.9676,5.0443,6.0611,6.3834,7.5683,,,,,4.724,21.7335,20.2635,19.7953,19.7947,18.3127,20.9574,20.908,17.1781,20.2045,16504,16555,5627,5671,5604,10977,10954,10310,0,0,0,0,15860,5607,5532,5539,5601,10943,5514,5513,15819,5520
2022,pre_2025,35,13295,6.3818,6.5324,6.9039,6.9447,4.587,5.8719,6.3089,7.2901,,,,,5.0575,21.5096,20.13,19.1469,19.1991,18.5384,21.4088,21.4472,18.2867,20.1533,13144,13167,4770,4772,4715,8463,8457,7299,0,0,0,0,11952,4755,4623,4699,4714,8452,4665,4665,11920,4610
2022,pre_2025,36,4730,6.2959,5.3732,6.8485,6.8079,5.1057,6.2032,6.5366,7.8585,,,,,4.5795,21.3033,19.9591,19.5925,19.5664,17.9658,20.1721,20.1333,16.4402,19.8847,4640,4655,1582,1573,1532,3121,3113,2806,0,0,0,0,4340,1568,1523,1527,1532,3106,1517,1514,4319,1511
2022,pre_2025,37,18489,6.6291,6.1976,7.0467,7.0441,5.1267,6.3583,6.6177,8.023,,,,,5.3103,21.903,21.0449,19.9886,20.0034,19.065,21.2921,21.2842,18.2347,21.0292,18346,18312,6065,6077,6000,12348,12317,11600,0,0,0,0,17578,6039,5934,5964,6000,12315,5930,5931,17518,5915
2022,pre_2025,38,14075,6.0453,6.0193,6.7281,6.8274,5.0104,6.1251,6.5345,7.8388,,,,,4.5723,21.0699,19.7292,19.2539,19.3854,18.5473,20.5442,20.6453,16.7515,19.8155,13828,13838,4437,4467,4365,9500,9468,8777,0,0,0,0,13104,4411,4276,4310,4364,9462,4261,4260,13047,4256
2022,pre_2025,39,10874,6.2239,5.5682,6.5087,6.6001,4.6879,5.7391,6.241,7.3315,,,,,4.6382,20.7163,19.7176,18.7919,18.8964,17.4275,19.9453,20.0378,16.5073,19.789,10734,10755,3286,3292,3239,7525,7504,7062,0,0,0,0,10275,3269,3181,3217,3239,7501,3197,3195,10238,3168
2022,pre_2025,40,20348,5.8628,5.9998,6.3185,6.3443,4.6355,5.6014,6.2092,7.4049,,,,,4.4109,20.1425,19.1746,18.4071,18.4559,17.6742,20.0663,20.0846,16.4668,19.1665,20122,20015,6394,6414,6271,13765,13727,12295,0,0,0,0,18532,6352,6139,6214,6270,13719,6131,6130,18445,6109
2022,pre_2025,41,14025,6.4235,6.0327,6.5296,6.3731,4.747,5.8869,6.4656,7.7547,,,,,5.272,20.3552,19.8488,18.7256,18.5809,18.2139,20.2516,20.0898,18.1542,19.6723,13928,13844,6063,6052,5979,7876,7826,5912,0,0,0,0,11905,6027,5868,5956,5976,7816,5917,5914,11834,5837
2022,pre_2025,42,14102,6.6172,6.7184,6.7007,6.7806,5.289,6.3123,6.7632,8.0833,,,,,5.3016,21.1061,20.4981,19.599,19.6917,19.6755,21.253,21.3261,18.6958,20.5486,13973,13914,4943,4942,4863,9058,9044,8486,0,0,0,0,13289,4903,4776,4828,4863,9040,4797,4799,13219,4743
2022,pre_2025,43,10702,6.2323,5.8226,6.3312,6.0801,4.6736,5.8937,6.485,7.9492,,,,,4.868,19.6589,18.8628,18.2449,18.0062,18.0278,19.6233,19.366,17.277,18.5935,10597,10578,4636,4633,4563,6026,6007,5142,0,0,0,0,9706,4616,4548,4547,4563,6006,4532,4530,9675,4531
2022,pre_2025,44,12797,7.1453,7.0819,7.006,7.0643,5.7445,6.9612,7.209,8.7209,,,,,6.2542,21.8498,21.4642,20.5394,20.5933,21.1944,21.9703,22.0168,20.874,21.5244,12685,12640,5654,5665,5598,7033,6988,4976,0,0,0,0,10374,5622,5324,5556,5597,6984,5547,5545,10331,5298
2022,pre_2025,45,5875,6.038,6.0706,6.352,6.4873,4.8299,5.7581,6.3124,7.531,,,,,4.615,20.2771,19.3326,18.6093,18.7728,18.063,20.0888,20.2072,16.8512,19.4443,5810,5814,1644,1655,1634,4180,4153,3841,0,0,0,0,5483,1634,1606,1614,1634,4149,1614,1614,5460,1601
2022,pre_2025,46,9763,6.4257,6.5611,6.4211,6.4441,4.9222,6.0607,6.5392,7.9468,,,,,4.9298,20.2219,19.4073,18.6873,18.7179,18.9983,20.5613,20.5788,18.1349,19.4168,9610,9657,4076,4089,4036,5632,5605,4958,0,0,0,0,8974,4063,3996,4014,4036,5603,3997,4000,8955,3989
2022,pre_2025,47,12727,6.3928,6.507,6.6454,6.6433,5.0796,6.0928,6.5448,7.8931,,,,,4.9925,20.8057,20.0035,19.2291,19.2368,19.0435,20.8798,20.8708,17.9958,19.9784,12526,12588,4007,3999,3928,8640,8609,8073,0,0,0,0,12035,3971,3920,3903,3928,8606,3900,3895,11984,3889
2022,pre_2025,48,31363,6.2934,5.9136,6.5349,6.4502,4.6988,5.9495,6.3944,7.7942,,,,,5.3438,20.432,20.042,18.6706,18.6094,18.1021,20.2001,20.0996,18.1448,19.9328,31153,31052,10740,10775,10676,20358,20266,14627,0,0,0,0,25123,10680,10313,10588,10674,20259,10538,10539,25009,10277
2022,pre_2025,49,15321,6.6775,6.2256,6.479,6.7586,5.1106,6.4194,6.7913,8.3817,,,,,5.1899,20.6274,19.5523,18.976,19.27,19.1713,20.3892,20.6636,18.3821,19.8233,15145,15195,7236,7260,7199,8000,7946,6221,0,0,0,0,13406,7220,7142,7160,7199,7941,7154,7153,13372,7131
2022,pre_2025,50,15038,6.4848,6.6375,6.3988,6.6477,5.2934,6.4226,6.7846,8.2044,,,,,4.986,20.4104,19.3513,19.0417,19.3111,19.6598,20.6759,20.9152,18.2975,19.5821,14866,14871,5969,6028,5952,8963,8882,7742,0,0,0,0,13641,5957,5867,5882,5950,8879,5873,5874,13621,5856
2022,pre_2025,51,18574,6.533,6.8321,6.5844,6.6032,5.4076,6.6671,7.0717,8.3322,,,,,5.2143,20.6057,19.8432,19.4012,19.4448,20.4293,21.0817,21.0909,18.7349,19.8437,18327,18408,6816,6847,6791,11643,11605,10620,0,0,0,0,17336,6783,6668,6726,6789,11601,6719,6716,17286,6643
2022,pre_2025,52,12661,6.7289,6.4836,6.3196,6.133,4.6153,6.0416,6.5897,8.0543,,,,,5.8378,19.8089,19.8292,18.2874,18.1138,18.9456,20.3094,20.1172,19.3925,19.612,12574,12565,6691,6694,6657,5904,5885,4637,0,0,0,0,11154,6669,6525,6633,6657,5884,6621,6620,11122,6506
2022,pre_2025,53,15028,6.8209,7.0255,6.5961,6.7193,5.1486,6.3633,6.823,8.2792,,,,,5.2109,20.7754,19.8248,19.1903,19.3206,19.9774,21.3056,21.4262,19.1712,19.9358,14873,14882,7490,7527,7453,7429,7396,6792,0,0,0,0,14229,7475,7385,7405,7453,7392,7397,7396,14198,7377
2022,pre_2025,54,14325,6.0018,6.1887,6.1783,6.1869,5.1956,6.281,6.5796,8.0218,,,,,4.5923,19.5619,18.763,18.5775,18.6169,18.902,19.9639,19.953,17.0421,18.7488,13964,14159,4007,4059,4000,10216,10171,8619,0,0,0,0,12547,3988,3910,3929,4000,10167,3917,3916,12516,3895
2022,pre_2025,55,12195,6.4867,6.5575,6.4543,6.8077,5.5273,6.3692,6.7501,8.1214,,,,,5.1797,20.8243,20.0295,19.4629,19.9889,19.5692,20.8272,21.0757,18.4442,20.2546,11899,11684,4347,4612,4519,7477,7427,6323,0,0,0,0,10510,4309,4142,4218,4515,7418,4143,4142,10448,4117
2022,pre_2025,56,12301,6.5062,5.7961,6.4963,6.6514,5.3785,6.3348,6.8007,8.2169,,,,,4.9345,20.6671,19.7895,19.3831,19.5416,18.7226,20.1939,20.346,17.4973,19.9208,12185,12189,4273,4312,4271,7953,7941,6535,0,0,0,0,10688,4264,4134,4223,4270,7937,4213,4211,10669,4126
2022,pre_2025,57,10327,6.5394,5.8894,6.7913,6.8304,5.7735,6.4905,7.0018,8.438,,,,,5.0928,21.2293,20.3384,20.1792,20.222,19.2078,20.6964,20.7397,17.7628,20.3602,10222,10244,3137,3156,3126,7136,7111,6186,0,0,0,0,9275,3122,3077,3092,3125,7109,3090,3088,9256,3064
2022,pre_2025,58,9461,5.745,5.7596,6.1104,6.4879,5.2655,5.8537,6.4085,7.7955,,,,,4.186,19.82,18.6948,18.6002,19.0187,17.8147,19.7673,20.1287,15.8143,19.0537,9291,9366,2249,2285,2254,7149,7119,6488,0,0,0,0,8711,2240,2206,2209,2253,7115,2202,2199,8691,2201
2022,pre_2025,59,9985,5.9224,6.41,6.1988,6.254,5.0826,6.0263,6.426,7.9056,,,,,4.4483,19.6856,18.8753,18.5008,18.5756,18.6907,20.246,20.2924,16.9301,18.9219,9801,9891,2863,2907,2880,7049,6995,6402,0,0,0,0,9233,2855,2809,2830,2880,6992,2826,2823,9215,2805
2022,pre_2025,60,6413,6.678,6.9154,6.631,6.5785,5.4641,6.6548,6.9546,8.2926,,,,,5.0378,20.7229,19.8914,19.6165,19.5955,20.4447,21.2292,21.1629,18.7743,19.8022,6209,6291,2287,2319,2265,4051,4034,3512,0,0,0,0,5760,2269,2223,2216,2265,4030,2215,2213,5738,2208
2022,pre_2025,61,10692,6.1763,6.6117,6.034,6.0868,5.0702,6.2797,6.669,8.132,,,,,4.4751,19.1736,18.0509,18.1286,18.2121,19.445,19.8294,19.8638,17.26,18.075,10538,10546,4729,4770,4705,5877,5856,5662,0,0,0,0,10350,4714,4654,4652,4704,5852,4642,4641,10319,4641
2022,pre_2025,62,6413,5.4812,6.4668,6.3172,6.8952,5.1703,6.2833,6.5972,7.6998,,,,,4.0463,20.8516,19.0808,19.1124,19.7686,19.2927,20.7131,21.3104,16.0659,19.6523,5980,6303,789,806,740,5566,5531,4795,0,0,0,0,5528,783,707,719,740,5523,706,703,5515,704
2022,pre_2025,63,6852,6.0172,5.4059,6.3161,6.4361,4.7278,6.0808,6.4818,7.618,,,,,4.1244,20.1756,18.592,18.4287,18.5696,17.8437,19.3337,19.441,15.6818,18.6826,6773,6733,2356,2357,2305,4446,4432,4085,0,0,0,0,6387,2338,2268,2287,2303,4431,2259,2257,6358,2256
2022,pre_2025,64,6549,5.8683,6.0688,6.1896,6.4777,5.1507,6.0861,6.6046,8.0197,,,,,4.0596,19.8493,18.1884,18.5192,18.8243,18.643,19.7347,20.011,16.0801,18.4673,6428,6471,1922,1949,1918,4582,4548,4248,0,0,0,0,6146,1915,1883,1885,1918,4546,1877,1878,6135,1879
2023,pre_2025,1,102095,6.6052,7.1951,6.8061,6.2964,6.049,5.8831,6.0051,8.2191,,,,,6.2108,20.9091,21.541,20.671,20.16,19.1496,21.613,21.0877,20.5296,20.9842,100309,100600,26054,26021,25729,74453,74332,60444,0,0,0,0,84597,25879,24705,25603,25724,74293,25327,25321,84115,24583
2023,pre_2025,2,84851,6.9188,6.5351,6.3395,6.6991,6.4326,6.1859,6.1897,8.6159,,,,,6.7603,20.3976,20.8314,20.1323,20.5097,18.9185,20.2466,20.5896,20.4412,21.147,83655,83114,46799,47099,46799,36549,36373,28995,0,0,0,0,71511,46608,42958,46343,46790,36346,46114,46111,71035,42881
2023,pre_2025,3,22723,6.6351,7.4475,6.8649,6.7171,6.5394,6.3024,6.4329,8.786,,,,,6.0611,21.2895,21.2796,21.1172,20.9735,20.0883,22.2344,22.0745,20.695,21.0995,22474,22437,7139,7126,7066,15289,15277,12568,0,0,0,0,19457,7099,6893,7040,7064,15265,6998,6991,19385,6863
2023,pre_2025,4,13133,6.5251,6.0162,6.5064,6.4658,5.9982,5.5641,5.7742,8.0721,,,,,6.1129,20.476,20.6112,20.0076,19.9773,17.4025,19.9822,19.9168,19.0683,20.5096,12876,12871,5391,5408,5359,7509,7480,6173,0,0,0,0,11221,5362,5064,5312,5353,7468,5292,5288,11155,5041
2023,pre_2025,5,6286,4.3154,5.2703,6.3289,6.5583,6.1001,5.2037,5.537,7.2386,,,,,3.8336,20.0765,19.4756,19.6743,19.9364,15.9451,19.6416,19.893,13.5694,19.7201,6093,6219,466,463,442,5771,5757,5048,0,0,0,0,5504,458,436,437,441,5755,430,429,5492,430
2023,pre_2025,6,5046,4.8925,5.7855,6.5139,6.8195,6.4184,5.919,5.9144,7.7582,,,,,4.2787,20.7459,20.3091,20.3504,20.6619,17.5097,20.3709,20.6828,15.1762,20.6709,4686,4935,629,619,573,4332,4320,3620,0,0,0,0,4225,611,581,565,573,4316,564,562,4198,563
2023,pre_2025,7,3838,5.5779,6.5102,6.1338,6.3106,6.3018,6.0181,6.2294,7.8216,,,,,4.3647,19.5486,18.2584,19.5243,19.7134,18.6951,19.9696,20.1278,16.5723,18.4107,3680,3782,740,743,714,3073,3064,2746,0,0,0,0,3452,738,706,709,714,3064,705,705,3448,704
2023,pre_2025,8,7866,5.8108,6.9692,6.6144,6.6432,6.6883,6.1411,6.4259,8.3554,,,,,4.8499,20.7539,20.0934,20.813,20.8435,19.4833,21.3555,21.3738,18.0594,20.1116,7692,7794,1265,1259,1236,6549,6537,5430,0,0,0,0,6672,1256,1232,1233,1236,6532,1228,1228,6654,1224
2023,pre_2025,9,8392,5.6024,6.5845,6.6194,7.2285,6.9464,6.394,6.2581,8.3314,,,,,5.0417,21.3392,20.5069,21.076,21.6797,19.183,21.1167,21.7182,17.4616,21.1128,8198,8319,1047,1056,1036,7280,7274,6607,0,0,0,0,7641,1043,1015,1024,1035,7272,1010,1010,7627,1013
2023,pre_2025,10,9353,5.2061,6.0978,6.4464,6.5754,6.5072,5.773,6.1563,8.2777,,,,,4.4928,20.4729,19.9912,20.4155,20.5528,17.9403,20.5324,20.6525,16.4081,20.0912,9047,9214,1165,1167,1118,8073,8047,6238,0,0,0,0,7335,1144,1093,1094,1117,8044,1082,1081,7302,1075
2023,pre_2025,11,2917,5.2385,6.2463,6.5091,6.898,6.5974,6.2377,6.3682,8.2588,,,,,4.3622,20.8316,20.1062,20.6289,20.9949,18.8137,20.5732,20.9353,16.1187,20.5053,2720,2862,303,304,285,2569,2566,2113,0,0,0,0,2399,301,283,284,285,2563,281,281,2392,283
2023,pre_2025,12,16153,5.6902,6.4723,6.5271,6.9443,6.2925,5.8145,5.947,8.0425,,,,,4.9607,21.115,20.0961,20.4674,20.8901,18.1821,20.8706,21.2796,17.7967,20.4982,15873,15983,3194,3209,3163,12826,12821,9636,0,0,0,0,12725,3185,3102,3141,3161,12814,3109,3109,12688,3099
2023,pre_2025,13,8235,5.3045,6.2842,6.6626,6.9867,6.3197,5.8323,6.0282,7.9401,,,,,4.8768,21.22,20.5701,20.5518,20.889,18.0874,20.9684,21.2888,16.8613,20.8942,8003,8179,824,830,814,7344,7333,5954,0,0,0,0,6764,820,805,804,814,7329,803,803,6757,801
2023,pre_2025,14,11773,4.9384,6.0669,6.4636,6.754,6.534,5.9516,6.1623,7.9579,,,,,4.1392,20.6065,19.6227,20.4225,20.713,18.1421,20.305,20.6204,15.2942,19.9293,11178,11626,990,999,962,10645,10626,9144,0,0,0,0,10096,981,935,945,962,10615,933,935,10079,928
2023,pre_2025,15,15874,6.1901,7.3049,6.9143,6.9998,6.6126,6.5666,6.5864,8.7683,,,,,5.3819,21.6312,20.6192,21.2413,21.34,20.4508,21.9632,22.0425,19.4757,20.6922,15632,15699,3120,3128,3094,12597,12583,9737,0,0,0,0,12832,3108,3055,3075,3092,12580,3054,3052,12808,3046
2023,pre_2025,16,14042,6.8632,7.7683,7.3451,7.1779,6.8347,6.9737,6.8987,9.1104,,,,,6.001,22.4385,21.5654,22.1013,21.9314,21.657,22.9979,22.8167,21.3412,21.3831,13840,13899,4123,4119,4080,9781,9772,6934,0,0,0,0,10990,4109,4018,4070,4078,9769,4041,4039,10966,4007
2023,pre_2025,17,16025,5.7332,6.4799,6.7954,6.4847,6.2296,5.7985,5.9686,8.2133,,,,,5.5015,20.9483,21.173,20.6915,20.3849,18.1793,21.268,20.9261,18.347,20.8324,15737,15824,2832,2833,2797,12997,12970,10087,0,0,0,0,12689,2814,2699,2779,2795,12958,2756,2754,12652,2685
2023,pre_2025,18,21080,6.1792,7.256,6.8842,6.8347,6.4008,6.1397,6.3368,8.4913,,,,,5.4501,21.412,20.6029,20.9818,20.938,19.675,22.031,21.969,19.3632,20.5378,20884,20889,5002,5015,4964,15906,15893,12369,0,0,0,0,17171,4993,4903,4943,4963,15887,4906,4906,17134,4898
2023,pre_2025,19,16724,6.7024,7.5459,7.2977,7.0434,6.2506,6.5782,6.4128,8.5904,,,,,5.8803,22.1326,21.3798,21.3463,21.0912,20.4684,22.7702,22.5077,20.5463,21.1112,16557,16556,5941,5939,5891,10624,10604,8429,0,0,0,0,14328,5923,5857,5876,5891,10600,5852,5847,14290,5842
2023,pre_2025,21,21934,6.5029,7.4696,6.8086,7.2014,6.323,6.0804,6.294,8.6495,,,,,5.2345,21.7126,20.1591,20.8367,21.237,19.7553,22.1644,22.5584,19.7797,20.5405,21748,21702,7380,7379,7324,14356,14337,10715,0,0,0,0,18017,7354,7244,7302,7324,14328,7254,7252,17964,7226
2023,pre_2025,22,15386,6.3784,6.5148,6.7745,6.8414,5.9631,5.7977,5.8909,8.0728,,,,,5.317,21.3856,20.1397,20.5035,20.5767,18.1672,21.1467,21.209,18.9617,20.1868,15218,15195,4252,4249,4204,11002,10983,7988,0,0,0,0,12101,4234,4124,4190,4202,10975,4125,4125,12047,4107
2023,pre_2025,23,9690,5.14,6.7362,6.8013,6.9242,6.4556,6.0124,6.2223,8.2642,,,,,4.4175,21.2407,20.2122,20.7867,20.9124,18.9288,21.3492,21.4741,16.6498,20.3225,9469,9594,1218,1223,1194,8380,8379,7091,0,0,0,0,8284,1214,1169,1185,1194,8374,1172,1173,8273,1168
2023,pre_2025,24,9635,6.7673,7.8283,6.9363,6.9552,6.4006,6.395,6.4252,8.7045,,,,,5.3734,21.6591,20.6028,21.1294,21.1534,20.5541,22.7561,22.7726,20.6044,20.6076,9487,9520,3022,3031,2990,6505,6501,4978,0,0,0,0,7996,3017,2957,2976,2990,6500,2955,2955,7976,2954
2023,pre_2025,25,20405,7.1283,7.3733,7.1249,7.2538,6.7537,6.7272,6.7889,8.9799,,,,,5.8553,22.1511,20.848,21.6499,21.7816,20.8471,22.3164,22.4412,20.7514,20.9686,20254,20171,9765,9779,9715,10462,10459,8067,0,0,0,0,17722,9744,9593,9683,9715,10456,9626,9624,17674,9577
2023,pre_2025,26,20845,6.7193,6.8623,6.6742,6.9664,6.3504,6.3986,6.3607,8.6787,,,,,5.3888,21.2732,19.9843,20.6545,20.9554,19.5216,21.2995,21.5871,19.31,20.2656,20555,20451,8679,8691,8607,11877,11867,9372,0,0,0,0,17918,8646,8445,8570,8606,11860,8466,8468,17844,8427
2023,pre_2025,27,11149,6.6699,7.6688,7.0992,7.0775,6.6551,6.7684,6.7011,8.8691,,,,,5.7798,21.9812,21.0731,21.5747,21.5551,21.0974,22.6992,22.6687,20.6622,21.0376,10975,11026,3370,3370,3331,7698,7697,6142,0,0,0,0,9439,3362,3297,3323,3331,7693,3292,3293,9417,3291
2023,pre_2025,28,36480,5.8757,7.6786,6.7849,6.7579,6.2549,6.0075,6.2207,8.3587,,,,,4.8832,21.1396,19.9015,20.6338,20.6114,19.9107,22.0282,21.9965,18.8626,19.8616,35783,35961,8787,8797,8662,27196,27179,22752,0,0,0,0,31471,8757,8560,8626,8659,27155,8549,8546,31374,8542
2023,pre_2025,29,36886,6.0694,7.285,6.7559,6.8993,6.3074,6.1481,6.2202,8.2161,,,,,5.0082,21.2044,19.9583,20.6174,20.7676,19.6313,21.6573,21.7779,18.5751,20.0735,36403,36273,9807,9844,9716,26596,26585,23725,0,0,0,0,33271,9782,9462,9655,9714,26576,9493,9492,33196,9443
2023,pre_2025,30,17249,6.1869,7.7473,7.1646,7.1398,6.1856,6.3466,6.4006,8.6166,,,,,5.3901,22.0463,20.8963,21.1046,21.0822,20.4986,22.6403,22.6061,19.99,20.8558,16981,16992,3865,3876,3799,13198,13193,9997,0,0,0,0,13755,3850,3726,3777,3799,13187,3715,3715,13714,3721
2023,pre_2025,31,11168,5.7199,6.519,6.6391,6.9398,6.3327,6.0498,6.0369,8.0599,,,,,4.9855,20.9816,19.9622,20.3632,20.6749,18.5401,20.8386,21.1417,17.3899,20.2526,10981,11031,1988,1997,1963,9083,9059,8337,0,0,0,0,10252,1983,1917,1949,1962,9051,1924,1924,10224,1914
2023,pre_2025,32,8413,5.8759,6.4533,6.5886,6.7314,6.1394,5.7289,5.9458,7.8381,,,,,4.7813,20.8141,19.7946,20.2329,20.3812,18.1072,20.6021,20.7351,17.2162,19.9156,8191,8273,2446,2449,2388,5882,5870,5380,0,0,0,0,7752,2438,2340,2378,2387,5864,2346,2346,7716,2334
2023,pre_2025,33,13029,6.2146,6.9192,6.8562,7.0187,6.2753,5.8945,5.9999,8.0804,,,,,5.2567,21.5337,20.7024,20.7877,20.9672,18.8105,21.4652,21.5929,18.5214,20.8025,12794,12813,3700,3733,3687,9147,9159,8355,0,0,0,0,11962,3687,3555,3643,3686,9139,3596,3594,11917,3547
2023,pre_2025,34,17197,6.102,6.2703,6.7188,6.7796,6.2383,5.7137,5.8113,7.7699,,,,,5.0457,20.9476,19.9873,20.4118,20.4791,17.6862,20.6631,20.7105,17.5794,20.0205,16726,16959,5929,5935,5879,11090,11077,10112,0,0,0,0,15906,5908,5819,5852,5879,11071,5816,5816,15864,5802
2023,pre_2025,35,13870,6.1418,6.9389,6.6661,6.8668,5.9646,5.6058,5.6177,7.4368,,,,,5.3713,20.9642,19.9382,20.0616,20.266,17.9624,21.3901,21.5896,18.8235,20.1254,13638,13726,4989,4997,4956,8754,8741,7431,0,0,0,0,12332,4984,4879,4944,4956,8737,4934,4934,12310,4875
2023,pre_2025,36,5028,5.999,6.3975,6.6562,6.8656,6.4463,5.9555,6.0611,7.9614,,,,,4.7496,20.9386,19.7347,20.5316,20.75,18.3579,20.6264,20.8402,17.2567,19.9195,4913,4966,1487,1475,1453,3499,3492,3237,0,0,0,0,4687,1473,1442,1451,1453,3488,1441,1441,4666,1428
2023,pre_2025,37,18897,6.3622,6.3304,6.8076,6.8827,6.4308,5.9451,6.0239,8.1719,,,,,5.6647,21.2354,20.8782,20.788,20.8621,18.1884,20.91,20.9762,18.5287,20.942,18683,18744,6312,6299,6268,12458,12445,11349,0,0,0,0,17589,6285,6209,6257,6268,12439,6244,6242,17544,6186
2023,pre_2025,38,14861,5.6894,6.4576,6.4527,6.7081,6.3103,5.6802,5.8719,7.816,,,,,4.7745,20.4514,19.5327,20.0575,20.3144,17.857,20.5707,20.8251,17.0524,19.7795,14535,14642,4332,4333,4254,10392,10373,9604,0,0,0,0,13829,4311,4199,4235,4254,10368,4198,4196,13788,4183
2023,pre_2025,39,10666,6.1045,6.0034,6.4105,6.7614,6.2408,5.6758,5.9185,7.7999,,,,,4.9643,20.5745,19.8078,20.0504,20.4053,17.5399,19.9458,20.292,17.1717,20.1449,10443,10531,3190,3191,3156,7398,7384,6854,0,0,0,0,9952,3178,3089,3143,3155,7382,3112,3111,9920,3079
2023,pre_2025,40,21042,5.6112,6.1077,6.2077,6.4184,6.0709,5.4005,5.7267,7.6507,,,,,4.6591,19.8581,19.0969,19.5065,19.7308,17.1042,19.8543,20.0538,16.6402,19.2828,20698,20767,6349,6363,6285,14482,14453,12760,0,0,0,0,19019,6319,6202,6244,6283,14438,6213,6211,18957,6179
2023,pre_2025,41,14487,6.1903,6.4795,6.3264,6.4739,6.213,5.5832,5.885,8.0187,,,,,5.5712,20.0298,19.7821,19.7733,19.9254,17.7711,20.2958,20.4419,18.7176,19.9122,14309,14311,6003,5996,5948,8362,8339,6085,0,0,0,0,11990,5980,5811,5933,5948,8325,5908,5906,11934,5789
2023,pre_2025,42,14687,6.3816,7.1487,6.5425,6.8398,6.7028,5.9791,6.2191,8.3222,,,,,5.6268,20.77,20.4174,20.6312,20.9331,19.2409,21.2774,21.5737,19.2894,20.6972,14490,14536,5058,5073,5025,9498,9486,8712,0,0,0,0,13659,5044,4920,4998,5024,9483,4987,4987,13628,4912
2023,pre_2025,43,10930,6.2778,6.5813,6.4157,6.5031,6.2869,5.9695,6.2324,8.3149,,,,,5.1674,20.0706,19.1321,19.8607,19.9436,18.7224,20.2528,20.328,18.2514,19.2028,10752,10799,4514,4506,4456,6338,6315,5641,0,0,0,0,10121,4497,4448,4447,4454,6313,4438,4436,10088,4436
2023,pre_2025,44,14218,7.0166,7.2301,6.8873,7.1964,6.9995,6.6915,6.6765,9.0312,,,,,6.7163,21.6535,21.5387,21.4819,21.7882,20.5478,21.7779,22.0841,21.3209,21.8265,13997,14043,6631,6646,6578,7464,7441,5152,0,0,0,0,11458,6615,6280,6551,6578,7437,6542,6543,11428,6273
2023,pre_2025,45,6121,5.8523,6.3512,6.2734,6.5561,6.2871,5.6714,5.8213,7.8783,,,,,4.935,20.0777,19.4394,19.8046,20.0948,17.7708,20.0719,20.3529,17.2737,19.699,5991,6042,1809,1814,1804,4238,4224,3784,0,0,0,0,5562,1804,1753,1795,1804,4219,1788,1788,5541,1749
2023,pre_2025,46,10229,6.1411,6.595,6.232,6.5582,6.4372,5.8541,6.0946,8.2954,,,,,5.137,19.9264,19.2357,19.8021,20.1213,18.4036,20.1962,20.5211,18.1678,19.5579,10045,10121,3788,3803,3766,6369,6352,5390,0,0,0,0,9139,3775,3717,3741,3766,6348,3733,3731,9118,3709
2023,pre_2025,47,12900,6.2,6.6668,6.5269,6.7683,6.5039,5.9557,5.9938,8.232,,,,,5.2423,20.6104,20.0104,20.3557,20.5962,18.5229,20.7438,20.9783,18.2494,20.2398,12663,12748,3898,3889,3854,8884,8861,8290,0,0,0,0,12168,3873,3847,3837,3853,8857,3830,3829,12129,3823
2023,pre_2025,48,33158,6.1493,6.4544,6.3531,6.5702,6.1871,5.6778,5.8927,8.1225,,,,,5.6674,20.164,19.9271,19.7806,20.0051,17.8523,20.3887,20.6013,18.9368,20.1362,32688,32720,11351,11360,11263,21423,21377,15048,0,0,0,0,26074,11309,10986,11222,11262,21366,11189,11191,25980,10962
2023,pre_2025,49,15653,6.4172,6.199,6.2483,6.7811,6.4637,6.0558,6.1777,8.5009,,,,,5.41,20.1883,19.3864,19.8673,20.4069,18.1811,19.8833,20.4174,18.2508,19.913,15332,15519,7446,7464,7409,8121,8071,6545,0,0,0,0,13911,7437,7355,7382,7409,8070,7376,7376,13890,7346
2023,pre_2025,50,15678,6.2363,6.9485,6.1453,6.6992,6.5931,6.0313,6.153,8.3599,,,,,5.2525,19.9788,19.1769,19.8729,20.4321,18.9627,20.5054,21.0555,18.6946,19.728,15440,15518,5886,5915,5851,9692,9650,7987,0,0,0,0,13773,5876,5759,5814,5850,9645,5795,5795,13744,5755
2023,pre_2025,51,19942,6.3447,7.5002,6.4893,6.8897,6.841,6.4516,6.5035,8.643,,,,,5.5586,20.6484,19.9655,20.5917,21.0054,20.34,21.4835,21.8851,19.6749,20.3561,19488,19738,6780,6800,6719,13012,12971,11085,0,0,0,0,17774,6760,6635,6681,6718,12962,6674,6673,17740,6618
2023,pre_2025,52,12925,6.6254,6.3804,6.2653,6.3057,6.1815,5.9096,6.1213,8.5271,,,,,6.192,19.807,20.0202,19.6836,19.7238,18.3064,19.985,20.0218,19.5417,20.0418,12760,12802,6590,6589,6552,6243,6235,4836,0,0,0,0,11231,6573,6410,6539,6551,6233,6531,6531,11201,6399
2023,pre_2025,53,15455,6.6121,7.5642,6.4436,6.8707,6.5773,6.1278,6.3348,8.5153,,,,,5.4364,20.5956,19.7444,20.2977,20.729,19.8551,21.4772,21.9035,19.6994,20.1602,15222,15297,7175,7209,7168,8146,8123,7572,0,0,0,0,14685,7161,7077,7123,7168,8120,7109,7109,14655,7067
2023,pre_2025,54,14423,5.8065,6.7414,6.1004,6.4823,6.5791,6.0792,6.0157,8.3193,,,,,5.0186,19.6652,19.0694,19.7663,20.1615,18.6869,20.3183,20.6888,17.8763,19.4289,14117,14269,4023,4062,4014,10298,10274,8579,0,0,0,0,12550,4013,3937,3965,4012,10271,3951,3952,12529,3934
2023,pre_2025,55,12061,6.2993,6.8313,6.4281,6.9217,6.8349,6.0557,6.1413,8.3689,,,,,5.4699,20.7153,20.1153,20.6093,21.1774,18.9284,20.8612,21.2846,18.803,20.5232,11702,11645,4256,4443,4385,7481,7470,6379,0,0,0,0,10510,4225,4092,4167,4382,7461,4110,4106,10457,4070
2023,pre_2025,56,12117,6.3032,6.57,6.373,6.9463,6.7699,5.9765,6.1478,8.5331,,,,,5.0908,20.6438,19.6651,20.4631,21.0336,18.5071,20.6418,21.2166,18.2179,20.2275,11920,12003,4003,4012,3975,8043,8037,6622,0,0,0,0,10532,3987,3905,3950,3973,8036,3945,3945,10512,3891
2023,pre_2025,57,10435,6.3718,6.4788,6.587,6.9742,7.0644,6.3664,6.4351,8.6824,,,,,5.4758,20.8875,20.1889,20.9811,21.368,19.1565,20.6669,21.0608,18.5934,20.5788,10249,10336,3187,3205,3180,7179,7157,6042,0,0,0,0,9192,3175,3138,3149,3179,7156,3141,3141,9176,3127
2023,pre_2025,58,9196,5.4772,6.3296,5.8697,6.5406,6.5915,5.562,5.8206,8.0701,,,,,4.3837,19.2994,18.2644,19.3587,20.0329,17.5198,19.6885,20.35,16.3067,18.9224,8960,9093,2236,2255,2229,6893,6880,6259,0,0,0,0,8464,2233,2189,2206,2227,6878,2194,2194,8455,2186
2023,pre_2025,59,10045,5.6469,7.026,6.1445,6.4468,6.5061,5.7287,5.8668,8.0936,,,,,4.7623,19.637,19.0617,19.6902,19.9838,18.4727,20.592,20.8996,17.6104,19.3666,9782,9937,2707,2722,2699,7260,7233,6473,0,0,0,0,9131,2694,2646,2670,2697,7230,2660,2658,9112,2636
2023,pre_2025,60,6382,6.4417,7.1364,6.2742,6.7353,6.7813,6.3451,6.3744,8.5036,,,,,5.1843,20.2857,19.4155,20.3094,20.7804,19.7939,20.7712,21.2333,18.9042,19.8764,6146,6249,2409,2419,2358,3902,3878,3388,0,0,0,0,5742,2392,2332,2333,2357,3878,2330,2327,5723,2321
2023,pre_2025,61,9776,6.0276,6.4387,5.917,6.2376,6.4657,6.0942,6.2584,8.469,,,,,4.8361,18.9922,18.1242,19.2148,19.544,18.7374,19.2485,19.5693,17.3154,18.436,9595,9665,4462,4476,4442,5252,5241,5044,0,0,0,0,9456,4455,4404,4421,4442,5239,4405,4405,9445,4398
2023,pre_2025,62,6685,5.1117,6.7106,6.1947,6.6864,6.3329,5.9144,6.1543,7.5855,,,,,4.1105,20.1656,18.8533,19.7858,20.3213,18.7349,20.4008,20.9164,15.9585,19.3636,6200,6589,764,774,730,5845,5805,5148,0,0,0,0,5888,761,722,719,730,5796,717,718,5873,722
2023,pre_2025,63,7384,5.6662,6.22,6.0759,6.5143,6.1521,5.8844,5.952,7.8862,,,,,4.3625,19.6712,18.3464,19.3026,19.7554,17.941,19.6157,20.0583,16.3871,18.7789,7231,7280,2384,2385,2341,4946,4930,4453,0,0,0,0,6789,2373,2321,2331,2340,4930,2318,2318,6769,2312
2023,pre_2025,64,6937,5.6687,6.6193,6.066,6.6787,6.4546,5.8566,6.0859,8.2458,,,,,4.4013,19.6907,18.2287,19.4565,20.0787,18.4823,19.8346,20.4449,16.8239,18.8432,6685,6840,1938,1953,1926,4936,4922,4420,0,0,0,0,6335,1932,1894,1904,1925,4919,1896,1896,6318,1890
2024,pre_2025,1,107867,6.7472,7.7589,6.8065,6.2195,5.9122,6.6172,7.0575,8.1216,,,,,6.2047,20.8953,21.5095,20.5993,20.0131,21.5133,22.2186,21.6072,21.1854,20.8397,106554,106636,29394,29349,29006,76953,76875,62765,0,0,0,0,89232,29149,27149,28830,29003,76831,28444,28428,88664,26968
2024,pre_2025,2,87322,6.9836,6.6548,6.3402,6.4937,6.2206,6.6216,7.2013,8.3088,,,,,6.7347,20.2599,20.903,19.9894,20.1576,20.4475,20.4593,20.5888,20.5858,20.9932,86491,85678,49185,49457,49065,36799,36613,29330,0,0,0,0,73288,48871,44329,48514,49048,36571,48225,48189,72617,44135
2024,pre_2025,3,25530,6.7945,7.9987,7.0187,6.6689,6.4162,6.8504,7.5769,8.6071,,,,,5.9998,21.5107,21.365,21.2632,20.9094,22.3564,22.9928,22.6276,21.2294,20.9653,25400,25346,8074,8072,7989,17197,17195,14553,0,0,0,0,22188,8037,7659,7962,7988,17182,7931,7921,22113,7642
2024,pre_2025,4,13414,6.6158,6.5654,6.6276,6.3833,5.6569,6.0371,6.7145,7.8279,,,,,6.106,20.5729,20.8151,19.8426,19.6145,19.4038,20.655,20.3811,19.647,20.4639,13230,13171,5881,5896,5820,7354,7333,5983,0,0,0,0,11376,5826,5474,5754,5817,7323,5717,5716,11269,5431
2024,pre_2025,5,6920,4.5847,6.0527,6.0072,6.3096,6.0721,5.7968,6.439,7.29,,,,,3.9158,19.5912,19.097,19.369,19.656,18.2291,20.0029,20.258,14.6806,19.3906,6644,6881,486,482,468,6352,6373,5613,0,0,0,0,6031,477,462,463,468,6327,461,459,6011,453
2024,pre_2025,6,5506,5.1024,5.8992,6.4652,6.4028,6.1194,6.4727,6.8037,7.7024,,,,,4.3845,20.2736,20.3367,20.0481,19.9161,19.0788,20.3803,20.2603,15.599,20.221,5115,5383,668,653,580,4746,4723,3904,0,0,0,0,4499,643,586,569,579,4718,559,556,4463,563
2024,pre_2025,7,4188,5.5991,6.4651,6.2226,6.2531,6.3066,6.3936,7.0451,7.652,,,,,4.2492,19.7017,18.5045,19.7532,19.79,19.8341,20.1057,20.1143,16.3787,18.5084,3979,4125,822,817,777,3345,3329,2997,0,0,0,0,3758,812,774,772,777,3322,766,764,3744,765
2024,pre_2025,8,8356,5.9834,7.1763,6.7047,6.3083,6.4973,6.5719,7.3681,8.2165,,,,,4.782,20.5916,20.1808,20.7795,20.364,21.0616,21.712,21.2855,18.2965,19.7353,8176,8302,1390,1389,1364,6911,6902,5813,0,0,0,0,7149,1379,1338,1354,1364,6892,1347,1346,7135,1327
2024,pre_2025,9,8984,6.0875,6.5851,6.9894,7.5162,7.3198,7.0195,7.2899,8.2448,,,,,5.3519,22.1671,21.3618,22.0041,22.5244,20.8238,21.7622,22.2814,18.2372,21.8741,8789,8918,1155,1157,1129,7785,7771,7039,0,0,0,0,8132,1147,1099,1118,1128,7770,1103,1102,8118,1092
2024,pre_2025,10,9469,5.518,6.7845,6.5154,6.4483,6.3273,6.3463,7.1422,8.1048,,,,,4.6348,20.5385,20.1468,20.4123,20.3551,20.179,21.3804,21.2906,17.4786,20.0377,9222,9351,1252,1229,1174,8104,8079,6381,0,0,0,0,7452,1215,1173,1162,1174,8068,1153,1152,7404,1141
2024,pre_2025,11,3174,5.3303,6.5508,6.6017,6.7448,6.5802,6.6642,7.1942,8.1667,,,,,4.2626,20.9192,19.927,20.7551,20.8657,20.3786,20.8818,21.1052,16.4649,20.1451,2977,3133,295,290,268,2842,2834,2245,0,0,0,0,2516,284,265,263,268,2827,261,260,2498,255
2024,pre_2025,12,16713,5.9488,7.1898,6.5098,6.809,6.1661,6.3316,6.9519,7.9931,,,,,4.9828,21.0105,19.98,20.3682,20.6687,20.415,21.6226,21.9087,18.7538,20.2694,16469,16587,3426,3439,3392,13174,13161,9963,0,0,0,0,13204,3415,3268,3369,3392,13148,3334,3335,13166,3265
2024,pre_2025,13,8687,5.6165,6.6472,6.8387,7.0318,6.3965,6.2744,6.878,7.7961,,,,,5.1536,21.5926,21.1783,20.9799,21.1764,19.7468,21.6824,21.8802,17.8614,21.3761,8483,8635,885,880,862,7744,7729,6155,0,0,0,0,7021,873,856,854,861,7720,845,844,7003,844
2024,pre_2025,14,12584,5.2406,6.5222,6.6415,6.8084,6.5703,6.4193,7.0746,7.9398,,,,,4.3848,20.9116,19.9137,20.7104,20.8788,19.9863,20.9014,21.0771,16.3125,20.0687,11829,12471,1191,1199,1153,11304,11264,9401,0,0,0,0,10454,1176,1123,1129,1151,11246,1106,1105,10417,1111
2024,pre_2025,15,16382,6.455,7.8709,7.0616,7.0524,6.5396,7.0751,7.7053,8.6424,,,,,5.3861,21.9552,20.8877,21.45,21.4491,22.6508,22.7746,22.7677,20.1992,20.8651,16203,16287,3195,3198,3153,13085,13079,10396,0,0,0,0,13556,3177,3118,3134,3152,13074,3122,3121,13523,3106
2024,pre_2025,16,15461,6.9496,7.9211,7.4896,7.2527,7.0005,7.4403,8.0741,8.9627,,,,,6.0831,22.7495,21.7933,22.5046,22.2626,23.4211,23.4642,23.2126,21.7067,21.5367,15290,15359,3933,3935,3880,11440,11431,7746,0,0,0,0,11587,3920,3811,3865,3880,11429,3846,3844,11560,3801
2024,pre_2025,17,17848,6.0754,7.1833,6.9083,6.4345,6.2327,6.3629,6.9601,8.1158,,,,,5.751,21.0856,21.4596,20.908,20.433,20.4322,22.1834,21.7031,19.6266,20.9534,17689,17715,3298,3287,3233,14430,14428,11179,0,0,0,0,14041,3270,3145,3216,3233,14416,3186,3183,13984,3119
2024,pre_2025,18,21755,6.3853,7.4955,6.9163,6.7902,6.2685,6.6307,7.3639,8.4813,,,,,5.4288,21.4762,20.7403,20.9598,20.8292,21.4457,22.3176,22.1791,19.7849,20.5936,21601,21618,5370,5375,5322,16235,16230,12661,0,0,0,0,17599,5350,5194,5300,5320,16224,5263,5258,17552,5183
2024,pre_2025,19,17614,7.001,7.9657,7.4599,7.1727,6.2168,7.0317,7.6663,8.3568,,,,,5.978,22.5453,21.7141,21.5945,21.3052,22.6208,23.4353,23.1438,21.3003,21.4182,17489,17493,6225,6218,6170,11255,11240,8990,0,0,0,0,15101,6206,6090,6159,6169,11238,6116,6112,15078,6076
2024,pre_2025,21,23366,6.6428,7.751,7.0091,6.7564,6.2791,6.6586,7.3987,8.5767,,,,,5.5239,21.6094,20.8548,21.1476,20.8918,21.7274,22.8183,22.5435,20.5559,20.5798,23235,23164,6861,6869,6775,16350,16340,12078,0,0,0,0,18749,6840,6647,6749,6774,16326,6698,6697,18707,6632
2024,pre_2025,22,16329,6.4469,6.8444,6.7243,6.7118,5.7751,6.3583,6.8387,7.9,,,,,5.2274,21.2175,20.0868,20.2837,20.2733,20.0133,21.4053,21.3786,19.1567,20.0415,16201,16169,4777,4776,4725,11405,11395,8535,0,0,0,0,13137,4759,4582,4708,4723,11391,4641,4639,13102,4567
2024,pre_2025,23,9823,5.4337,7.0022,6.8597,7.0979,6.3314,6.5567,7.2032,8.1352,,,,,4.469,21.6606,20.208,20.8975,21.1445,20.741,21.7001,21.9402,17.2549,20.4455,9565,9766,1285,1290,1263,8468,8458,7186,0,0,0,0,8437,1279,1244,1253,1262,8450,1245,1247,8415,1242
2024,pre_2025,24,9564,6.8938,8.0456,6.9261,7.0549,6.2198,6.8208,7.4489,8.6197,,,,,5.4722,21.8185,20.6096,20.9884,21.128,22.2249,23.0195,23.1435,21.1059,20.7208,9447,9456,3188,3197,3154,6252,6240,4477,0,0,0,0,7625,3177,3078,3134,3152,6236,3105,3103,7608,3071
2024,pre_2025,25,21760,7.2621,8.0454,7.2387,7.2845,6.7581,7.1407,7.9272,8.802,,,,,5.8592,22.3799,21.0421,21.8539,21.9019,23.0767,23.1874,23.2267,21.5539,21.0805,21653,21544,10399,10414,10319,11212,11201,8454,0,0,0,0,18627,10378,10103,10286,10318,11199,10227,10227,18578,10089
2024,pre_2025,26,22580,6.9063,7.3091,6.818,6.9715,6.4017,6.8102,7.5049,8.5296,,,,,5.6888,21.5575,20.5705,20.9891,21.1478,21.5262,22.0507,22.1926,20.2963,20.7069,22403,22295,9094,9109,9007,13319,13301,10144,0,0,0,0,19012,9064,8822,8965,9004,13296,8858,8859,18935,8801
2024,pre_2025,27,11749,6.9494,8.1687,7.2211,7.1713,6.8388,7.2784,8.0011,8.7607,,,,,5.8331,22.2831,21.188,21.9612,21.9133,23.4024,23.3914,23.3368,21.4577,21.1241,11594,11643,3795,3802,3760,7888,7882,6197,0,0,0,0,9857,3787,3706,3746,3759,7878,3708,3707,9826,3700
2024,pre_2025,28,38532,6.1707,7.995,6.8507,6.8735,6.3409,6.5814,7.2716,8.3151,,,,,5.0545,21.4207,20.1221,20.8861,20.916,21.8532,22.5139,22.5284,19.67,20.1281,37921,38149,9679,9695,9527,28518,28502,23252,0,0,0,0,32712,9635,9351,9471,9524,28477,9371,9365,32619,9317
2024,pre_2025,29,36729,6.4435,8.0429,6.9506,7.1964,6.4796,6.7661,7.3125,8.1187,,,,,5.3163,21.7947,20.4285,21.0757,21.3318,22.0955,22.6932,22.9322,19.9574,20.6531,36347,36273,9856,9883,9723,26562,26537,24034,0,0,0,0,33522,9816,9434,9660,9720,26519,9475,9474,33410,9409
2024,pre_2025,30,17004,6.5024,7.8779,7.231,7.3301,6.621,6.859,7.6746,8.4902,,,,,5.6566,22.3823,21.1831,21.6761,21.7839,22.4034,22.9536,23.042,20.6302,21.2714,16802,16811,4150,4157,4080,12733,12714,9831,0,0,0,0,13814,4134,3974,4058,4080,12711,3981,3979,13775,3962
2024,pre_2025,31,11189,6.1157,6.7716,6.8018,7.0599,6.4486,6.5639,7.0552,7.9637,,,,,5.2399,21.3628,20.3185,20.7418,21.0068,20.3294,21.3511,21.6067,18.2529,20.5652,11075,11081,2069,2077,2033,9058,9054,8428,0,0,0,0,10341,2063,1951,2018,2031,9039,1986,1985,10317,1946
2024,pre_2025,32,8359,6.0259,6.4791,6.6298,6.7181,5.9556,6.1502,6.8402,7.6667,,,,,4.7321,20.9249,19.8347,20.1581,20.2564,19.4337,20.757,20.8357,17.2953,19.883,8160,8210,2420,2413,2351,5876,5875,5411,0,0,0,0,7702,2401,2294,2339,2350,5861,2296,2296,7654,2276
2024,pre_2025,33,12774,6.5162,7.2539,6.9168,6.9783,6.0677,6.5059,7.0674,7.9547,,,,,5.4087,21.652,20.9543,20.7424,20.8253,20.8493,21.914,21.9305,19.2735,20.9269,12560,12572,3919,3965,3909,8664,8670,7981,0,0,0,0,11745,3897,3730,3841,3906,8652,3798,3798,11683,3713
2024,pre_2025,34,17292,6.2627,6.3824,6.7451,6.7152,5.9748,6.1418,6.6557,7.588,,,,,5.0631,20.9836,20.0363,20.2392,20.2259,19.1035,20.8093,20.7708,17.8947,19.9709,16864,17120,6055,6073,6009,11045,11040,9993,0,0,0,0,15770,6026,5899,5961,6006,11017,5944,5941,15720,5873
2024,pre_2025,35,14354,6.3544,6.9704,6.7239,6.8444,5.7559,6.0987,6.4833,7.3316,,,,,5.5124,21.0838,20.1541,19.9978,20.1247,19.3462,21.5621,21.6761,19.1673,20.2466,14107,14266,5265,5273,5232,8986,8972,7511,0,0,0,0,12626,5256,5108,5216,5232,8966,5196,5197,12603,5102
2024,pre_2025,36,5038,6.1053,6.7183,6.7568,6.7628,6.3143,6.4151,7.0368,7.8287,,,,,4.8561,20.9754,19.8926,20.5085,20.5231,20.1213,21.0179,21.0233,17.8437,19.8874,4877,4968,1535,1528,1496,3441,3431,3034,0,0,0,0,4534,1520,1487,1488,1496,3430,1480,1480,4514,1472
2024,pre_2025,37,19342,6.5289,6.6501,6.847,6.842,6.3404,6.5029,7.0602,8.0142,,,,,5.6543,21.3212,20.9433,20.8218,20.8194,20.0821,21.3907,21.3801,19.026,20.9127,19179,19219,6540,6532,6484,12700,12694,11397,0,0,0,0,17852,6511,6404,6466,6484,12687,6442,6438,17801,6379
2024,pre_2025,38,15201,6.0467,6.4923,6.5514,6.5921,6.1478,6.2675,6.8205,7.7381,,,,,4.94,20.5452,19.7427,20.1045,20.146,19.4102,20.801,20.8345,17.5816,19.7705,14828,15026,4881,4896,4817,10167,10137,9384,0,0,0,0,14216,4860,4752,4786,4817,10122,4752,4752,14166,4739
2024,pre_2025,39,10622,6.3023,6.5861,6.3326,6.6205,6.0099,6.1971,6.8277,7.7324,,,,,4.9859,20.4227,19.6183,19.82,20.1181,19.5672,20.5017,20.7788,17.9628,19.8648,10425,10523,3214,3222,3174,7330,7318,6793,0,0,0,0,9875,3199,3090,3154,3172,7314,3142,3142,9846,3084
2024,pre_2025,40,20865,5.8012,6.5836,6.2489,6.4318,5.8315,5.9683,6.6162,7.6116,,,,,4.6533,20.038,19.2715,19.4386,19.6327,19.042,20.485,20.6598,17.2549,19.4139,20578,20590,6277,6276,6172,14414,14377,12798,0,0,0,0,18926,6229,6052,6126,6169,14356,6074,6072,18826,6013
2024,pre_2025,41,14388,6.347,7.2824,6.3543,6.3278,5.9789,6.0799,6.8207,7.8828,,,,,5.5191,20.0126,19.8464,19.6633,19.6438,20.0337,21.1766,21.1487,19.5466,19.799,14249,14253,6000,5992,5942,8294,8280,6250,0,0,0,0,12227,5968,5813,5921,5942,8266,5903,5901,12150,5786
2024,pre_2025,42,15372,6.5161,6.91,6.6638,6.7259,6.5526,6.4699,7.2509,8.1652,,,,,5.6116,20.8555,20.6023,20.6904,20.7565,20.5237,21.2462,21.3015,19.1404,20.6281,15223,15223,5461,5472,5416,9782,9758,8963,0,0,0,0,14280,5426,5263,5374,5413,9751,5366,5363,14224,5239
2024,pre_2025,43,11304,6.4262,6.759,6.6903,6.6009,6.319,6.6423,7.4067,8.2838,,,,,5.2719,20.6431,19.7097,20.3653,20.2834,20.7684,20.8807,20.7892,18.6953,19.607,11153,11196,4219,4215,4156,7039,7014,6302,0,0,0,0,10482,4202,4148,4143,4156,7009,4133,4134,10452,4133
2024,pre_2025,44,15239,7.1324,7.4616,7.046,7.1368,6.7714,7.103,7.7982,8.7807,,,,,6.6528,21.8615,21.6673,21.5119,21.5977,22.3365,22.2481,22.3341,21.5457,21.7377,15041,15062,7485,7494,7415,7607,7570,5185,0,0,0,0,12316,7452,7070,7377,7415,7558,7354,7353,12243,7050
2024,pre_2025,45,6288,5.9893,6.1182,6.4136,6.4791,6.0619,6.1907,6.7965,7.7024,,,,,4.9313,20.2478,19.6375,19.8328,19.9034,19.0298,20.0971,20.1571,17.1772,19.6848,6193,6232,1858,1863,1850,4377,4373,3891,0,0,0,0,5741,1850,1815,1836,1849,4361,1826,1826,5715,1810
2024,pre_2025,46,10486,6.2845,6.7789,6.3666,6.4816,6.2319,6.2879,7.0315,8.0883,,,,,5.1458,20.0711,19.4598,19.8131,19.9364,19.9921,20.5318,20.6364,18.4913,19.5575,10304,10379,4070,4090,4052,6342,6308,5344,0,0,0,0,9359,4052,3996,4017,4052,6301,4005,4006,9323,3986
2024,pre_2025,47,13133,6.3577,6.8807,6.6856,6.6976,6.403,6.4677,7.0807,8.0527,,,,,5.2092,20.8091,20.1948,20.5165,20.5264,20.3195,21.2226,21.2273,18.6143,20.1921,12922,13037,4125,4130,4076,8927,8887,8209,0,0,0,0,12286,4109,4052,4057,4076,8884,4049,4048,12259,4038
2024,pre_2025,48,33800,6.342,6.7023,6.4581,6.4493,6.046,6.2092,6.8925,8.0077,,,,,5.6679,20.2828,20.1754,19.8777,19.8745,19.6577,20.8048,20.7872,19.2834,20.1381,33513,33488,11926,11939,11820,21561,21488,15441,0,0,0,0,27160,11868,11542,11759,11819,21466,11715,11710,27003,11509
2024,pre_2025,49,15771,6.5851,6.8033,6.4338,6.704,6.4078,6.5508,7.2348,8.2418,,,,,5.4285,20.4011,19.6819,20.1108,20.3861,20.3521,20.7628,21.0251,18.9968,19.9404,15501,15655,7647,7655,7604,8041,7998,6599,0,0,0,0,14138,7628,7510,7579,7603,7994,7564,7565,14108,7495
2024,pre_2025,50,16464,6.4217,7.3231,6.2501,6.6474,6.4306,6.5774,7.2597,8.1945,,,,,5.1759,20.1846,19.3344,19.9561,20.3615,21.009,21.1051,21.5055,19.1535,19.7244,16241,16327,5977,6009,5949,10378,10312,8729,0,0,0,0,14626,5961,5882,5902,5948,10294,5894,5892,14590,5869
2024,pre_2025,51,20251,6.5836,7.7161,6.7646,6.8172,6.7022,6.9685,7.6899,8.4491,,,,,5.5245,20.981,20.3332,20.8685,20.9281,22.2697,22.0732,22.1208,20.016,20.3667,19899,20084,7354,7379,7325,12771,12685,11247,0,0,0,0,18506,7328,7212,7273,7323,12676,7248,7249,18442,7189
2024,pre_2025,52,12635,6.8888,7.4038,6.4823,6.3553,6.1322,6.6289,7.3411,8.3908,,,,,6.2226,20.2087,20.3585,19.9867,19.8615,21.3057,21.3203,21.1873,20.6896,20.2039,12506,12542,6713,6712,6677,5861,5841,4918,0,0,0,0,11442,6690,6532,6656,6674,5839,6647,6643,11402,6514
2024,pre_2025,53,16273,6.7349,7.6831,6.6072,6.8316,6.3963,6.6332,7.4815,8.3514,,,,,5.3981,20.8093,19.9138,20.3647,20.6001,21.6256,21.857,22.077,19.9622,20.1145,16070,16137,7601,7632,7591,8559,8518,7712,0,0,0,0,15220,7581,7487,7539,7588,8512,7520,7518,15186,7471
2024,pre_2025,54,15035,6.08,7.3675,6.2335,6.4083,6.5417,6.6028,7.0994,8.1706,,,,,5.0724,19.9362,19.4074,20.0865,20.2756,20.9633,21.2013,21.3643,18.8325,19.5636,14683,14890,4205,4228,4176,10742,10704,8868,0,0,0,0,13012,4179,4130,4127,4174,10695,4121,4120,12968,4108
2024,pre_2025,55,12841,6.4923,6.9598,6.4445,6.8148,6.5514,6.6205,7.18,8.2287,,,,,5.4348,20.6632,20.0169,20.3887,20.8579,20.6559,21.0409,21.3317,19.139,20.289,12524,12376,4895,5143,5066,7572,7545,6277,0,0,0,0,11008,4854,4693,4779,5065,7527,4740,4735,10931,4656
2024,pre_2025,56,12145,6.4605,6.5201,6.4919,6.8911,6.6214,6.5154,7.2081,8.3254,,,,,5.1832,20.8007,19.8673,20.5276,20.9352,20.0744,20.7592,21.1552,18.4653,20.2376,11981,12051,4077,4090,4050,8004,7993,6077,0,0,0,0,9983,4062,3910,4023,4050,7989,4014,4015,9960,3897
2024,pre_2025,57,10913,6.5916,6.4367,6.7741,6.8927,7.0117,6.7823,7.5458,8.466,,,,,5.4859,21.1576,20.5143,21.277,21.3947,20.6022,21.0472,21.1688,18.8048,20.6285,10746,10842,3436,3453,3423,7421,7405,6215,0,0,0,0,9560,3425,3383,3396,3421,7397,3392,3393,9539,3377
2024,pre_2025,58,9686,5.7718,8.0939,6.0208,6.469,6.6044,6.1904,7.0273,7.9985,,,,,4.6929,19.5021,18.7075,19.6288,20.0911,21.1808,21.5259,21.9559,18.6908,19.1243,9494,9606,2259,2272,2255,7375,7332,6658,0,0,0,0,8877,2243,2216,2226,2255,7329,2215,2213,8849,2202
2024,pre_2025,59,10642,5.832,7.8005,6.169,6.2879,6.3799,6.2411,6.8187,7.9162,,,,,4.6756,19.6713,19.1647,19.7674,19.8903,20.7187,21.6077,21.713,18.4388,19.2579,10450,10577,2626,2633,2608,7964,7937,7277,0,0,0,0,9833,2615,2563,2591,2608,7931,2585,2584,9813,2553
2024,pre_2025,60,6384,6.5795,7.3896,6.5392,6.7004,6.6746,6.9469,7.5701,8.32,,,,,5.0849,20.6055,19.6893,20.5812,20.7529,21.8273,21.4301,21.5851,19.1631,19.8288,6192,6291,2376,2379,2327,3958,3936,3506,0,0,0,0,5829,2365,2299,2315,2327,3933,2300,2300,5809,2290
2024,pre_2025,61,10151,6.1405,6.6359,5.9895,6.0324,6.2897,6.6454,7.2692,8.198,,,,,4.8197,18.9631,18.2018,19.2159,19.2703,20.4145,19.7231,19.7618,17.6514,18.2275,10017,10044,4611,4625,4579,5490,5467,5173,0,0,0,0,9717,4597,4535,4552,4579,5460,4536,4537,9694,4524
2024,pre_2025,62,7216,5.2789,6.5721,6.2588,6.6374,6.1206,6.3217,7.0434,7.5723,,,,,4.1318,20.2587,18.7738,19.7432,20.1199,19.8688,20.4446,20.8426,16.0445,19.1429,6697,7121,884,884,831,6281,6192,5307,0,0,0,0,6107,876,804,822,830,6177,801,802,6089,796
2024,pre_2025,63,7681,5.8395,6.5111,6.214,6.3449,5.9681,6.3452,6.9317,7.7575,,,,,4.3483,19.7283,18.5413,19.3402,19.4847,19.7056,20.0767,20.1902,16.8108,18.6521,7502,7558,2429,2445,2390,5195,5191,4714,0,0,0,0,7059,2417,2332,2361,2388,5188,2338,2338,7032,2328
2024,pre_2025,64,7261,5.8825,6.9076,6.1595,6.653,6.3931,6.4338,7.1439,8.0619,,,,,4.5486,19.9327,18.6135,19.6643,20.1636,20.3955,20.4285,20.9128,17.468,19.0954,7061,7196,1997,2015,1985,5230,5221,4715,0,0,0,0,6674,1994,1953,1964,1985,5218,1955,1955,6661,1951
2025,ct_2006,1,2205,6.835,6.9692,6.4116,5.9835,5.4486,6.0627,6.8376,7.7049,,,,,6.1142,19.5411,20.5275,18.9833,19.4151,19.3694,20.3268,18.7452,20.904,18.8801,1267,1796,365,319,175,1228,1162,538,0,0,0,0,846,253,180,123,172,1103,84,62,650,98
2025,ct_2006,2,977,6.4374,6.0217,6.0231,6.3898,6.3174,5.8897,6.6801,7.5329,,,,,5.9007,19.1033,19.3721,16.8295,20.1579,18.1296,17.7755,16.035,18.3704,18.7995,744,634,249,288,178,426,372,114,0,0,0,0,401,169,136,73,171,353,55,40,243,93
2025,ct_2006,3,286,7.149,6.2305,6.6,6.337,6.2583,6.2717,7.2897,8.3583,,,,,6.319,20.7533,21.55,21.04,21.4741,19.04,21.0962,20.2763,20.4932,20.7848,204,218,85,69,30,115,107,30,0,0,0,0,126,60,37,25,29,100,26,19,95,23
2025,ct_2006,4,360,5.9193,4.6084,6.5256,6.4017,5.7778,5.9257,6.6364,7.5117,,,,,5.2248,20.488,20.1853,18.0088,18.8015,17.0678,18.1227,17.31,14.8134,20.2354,238,249,88,89,36,202,176,107,0,0,0,0,121,71,34,17,33,166,11,10,71,24
2025,ct_2006,5,332,5.1532,5.8224,6.1413,5.5326,5.3611,5.8809,6.8204,7.2889,,,,,4.3917,19.4719,18.7444,15.3875,15.8438,18.4823,17.2875,16.63,15.2167,16.17,94,297,23,23,9,275,277,135,0,0,0,0,48,16,9,4,8,254,4,5,39,5
2025,ct_2006,6,418,5.9114,5.5848,5.7326,4.9565,5.25,6.3324,7.039,7.4038,,,,,4.6814,17.5167,18.6908,13.5,14.5182,18.6318,18.8179,17.1187,15.9482,16.32,201,339,86,69,11,276,263,52,0,0,0,0,113,63,38,5,11,258,14,8,82,15
2025,ct_2006,7,189,6.8328,6.2268,6.2794,6.225,5.8214,6.7448,7.5643,7.3864,,,,,5.0154,20.2296,18.3083,19.2,19.2417,20.4492,18.1,,17.4083,,61,151,34,30,7,144,136,11,0,0,0,0,13,27,6,3,6,133,1,0,6,0
2025,ct_2006,8,215,6.5886,6.3181,7.1964,6.7417,6.525,7.0538,7.7986,7.9934,,,,,5.8714,22.0591,20.55,19.225,19.845,21.2021,20.725,21.025,19.8789,20.8,88,181,28,30,10,158,139,38,0,0,0,0,28,22,7,2,10,134,4,2,19,3
2025,ct_2006,9,222,5.9289,6.0259,5.9453,5.6827,4.7955,6.2029,7.0893,7.8786,,,,,5.2324,18.8891,19.27,18.5,18.3136,19.1045,19.61,16.075,18.2679,16.725,90,193,32,26,11,170,168,35,0,0,0,0,37,23,10,8,11,165,5,2,28,4
2025,ct_2006,10,349,6.2684,6.3714,6.4356,6.0956,5.6528,6.6083,7.394,7.8144,,,,,5.226,20.3351,19.0895,18.5643,18.2944,20.0911,21.17,21.4857,19.0576,19.4182,190,278,66,68,18,224,210,101,0,0,0,0,77,57,19,7,18,203,10,7,59,11
2025,ct_2006,11,233,5.7671,5.9123,6.3333,6.0278,6.3,6.9824,7.6762,8.0565,,,,,4.8125,20.34,16.6,20.075,19.45,20.3722,19.7,,16.287,15.8,85,211,21,18,5,185,183,31,0,0,0,0,32,15,6,2,5,178,2,0,23,1
2025,ct_2006,12,308,6.5592,6.7601,6.595,6.4471,5.9397,6.1425,7.0257,7.875,,,,,5.2988,20.5641,19.7625,18.9071,20.356,19.4579,21.3438,22.8,18.9717,19.5778,152,247,50,52,29,193,185,78,0,0,0,0,85,39,16,14,25,178,8,2,60,9
2025,ct_2006,13,263,6.2074,6.3384,6.3839,6.6562,6.2143,6.7205,7.4015,7.8833,,,,,5.1947,21.2026,18.65,21.95,19.8071,20.398,17.9,15.15,17.5278,20.5167,81,232,28,24,7,212,203,30,0,0,0,0,38,19,9,2,7,201,2,1,27,3
2025,ct_2006,14,770,5.8196,5.5832,5.9682,5.8796,6.1786,6.6078,7.437,7.9425,,,,,5.0582,18.6944,18.4,16.6,19.4679,19.5639,17.4,18.2333,16.3039,16.9,194,712,55,54,14,675,647,313,0,0,0,0,55,45,15,6,14,642,7,6,38,6
2025,ct_2006,15,263,6.9895,6.4873,6.788,6.825,5.875,7.1464,7.8512,8.1276,,,,,5.4471,21.915,18.1556,20.2792,20.3432,21.1894,21.4045,20.8833,19.3659,20.06,114,217,46,50,22,169,163,49,0,0,0,0,51,40,9,12,22,161,11,9,41,5
2025,ct_2006,16,310,7.1439,6.3606,7.1721,6.785,6.3289,6.8093,7.6443,8.5064,,,,,6.0049,21.2976,22.7205,19.6125,22.0294,20.3662,21.465,21.4167,20.1686,21.1917,164,251,61,50,19,194,194,39,0,0,0,0,82,42,22,12,17,185,10,6,59,6
2025,ct_2006,17,303,5.9661,6.3135,5.75,5.3919,5.1833,5.8399,6.6809,7.4322,,,,,5.7048,18.46,20.1125,19.4,17.8769,18.1494,21.4917,20.8625,19.0554,19.7167,177,252,47,37,15,189,181,59,0,0,0,0,105,30,24,10,13,174,6,4,74,9
2025,ct_2006,18,287,6.9198,6.4547,6.0972,6.0672,5.8788,6.3626,7.1599,8.0136,,,,,5.7542,19.3121,20.216,18.1188,19.3597,19.4184,16.99,18.2063,19.825,20.2643,167,215,72,67,33,151,147,55,0,0,0,0,96,58,25,24,31,141,10,8,72,14
2025,ct_2006,19,251,6.8744,6.2542,6.7917,6.4959,4.8611,6.1375,6.9747,7.0878,,,,,5.7277,20.9366,19.47,19.4705,19.4037,18.8184,21.1115,19.8167,19.6342,20.24,164,180,72,61,27,100,99,37,0,0,0,0,94,56,20,22,27,95,13,9,73,10
2025,ct_2006,21,242,6.7958,7.0408,6.5278,6.3673,6.0227,5.8904,6.7651,8.1339,,,,,5.6358,20.2484,19.9467,17.96,20.1614,18.9219,19.89,19.28,20.3643,19.98,189,153,72,81,22,89,83,28,0,0,0,0,95,63,15,10,22,80,5,5,70,10
2025,ct_2006,22,293,6.8482,6.4498,6.5374,6.4934,4.8929,6.2536,6.9818,7.6848,,,,,5.2229,20.8762,18.9657,18.7048,19.2049,19.0921,20.585,18.6273,18.9279,19.0441,195,209,87,76,42,140,137,46,0,0,0,0,96,63,35,31,41,133,20,11,70,17
2025,ct_2006,23,316,6.1802,6.1232,6.2768,5.93,6.2708,6.6422,7.338,8.0915,,,,,5.0724,19.4091,20.2722,19.7722,20.5909,19.8996,20.9,20.65,18.6122,20.0833,111,282,28,25,12,232,233,71,0,0,0,0,58,22,9,9,11,224,3,2,45,3
2025,ct_2006,24,205,7.3623,5.4804,7.0805,6.9095,5.7,5.4647,5.9138,8.4583,,,,,5.7719,21.9913,20.5,20.2321,20.5053,15.753,22.08,21.41,20.2119,19.9778,122,140,59,58,20,92,87,12,0,0,0,0,57,52,14,14,19,82,5,5,42,9
2025,ct_2006,25,232,7.5291,6.365,7.0262,7.0,7.0089,7.2008,7.9062,8.1094,,,,,5.5907,21.8757,20.9261,20.7375,22.8778,21.0595,20.2071,18.725,19.4443,19.305,172,137,86,85,28,66,64,16,0,0,0,0,86,70,23,16,27,63,7,6,61,10
2025,ct_2006,26,350,7.3172,5.7903,6.4298,6.4725,6.0595,5.6676,6.5476,7.8585,,,,,5.9077,20.2776,19.6865,19.3119,20.6282,17.3389,20.7538,20.235,20.3838,18.7976,186,248,89,100,42,173,168,53,0,0,0,0,91,76,26,21,39,166,13,10,65,21
2025,ct_2006,27,279,7.1967,6.0547,6.6509,6.5833,6.1,6.5471,7.2241,7.3333,,,,,5.6357,20.4574,21.3438,17.9833,19.9286,19.715,20.0429,20.61,19.8417,21.35,122,201,53,54,15,175,174,90,0,0,0,0,56,47,8,9,14,143,7,5,42,5
2025,ct_2006,28,781,6.796,7.4081,6.6171,6.6635,6.4423,6.8755,7.4767,8.1156,,,,,5.5194,20.8118,19.9817,18.2825,20.7784,21.5729,20.31,19.8882,20.4353,19.2417,403,612,143,156,52,462,450,147,0,0,0,0,196,119,30,20,51,425,20,17,153,18
2025,ct_2006,29,778,7.2467,7.9693,7.0598,6.875,4.9611,7.0527,7.8479,7.8652,,,,,5.5653,21.6322,21.4875,19.1972,20.0254,22.6888,21.6389,20.64,20.8052,18.5875,514,511,259,266,122,332,304,89,0,0,0,0,196,236,32,89,118,290,27,20,161,16
2025,ct_2006,30,310,7.3788,7.7245,7.005,6.8275,5.2202,7.6477,8.0533,8.3654,,,,,5.9922,21.6672,20.96,18.9,19.5167,23.331,21.7559,21.4147,21.1316,19.1731,179,216,101,100,42,154,150,52,0,0,0,0,77,87,25,29,42,145,17,17,57,13
2025,ct_2006,31,213,6.5564,6.4034,6.4856,6.23,4.3889,6.6691,7.3172,7.637,,,,,5.2148,19.8391,21.6357,18.0538,18.7312,20.1822,18.5786,18.9,16.3423,18.8,101,163,52,50,18,136,134,73,0,0,0,0,27,46,7,13,16,129,7,7,13,2
2025,ct_2006,32,267,5.6916,6.1003,6.6333,6.5083,4.9643,6.2157,7.0954,7.2063,,,,,3.8209,20.4036,19.15,17.7056,18.6462,19.3029,9.1,7.85,12.2118,16.8875,131,197,60,60,14,175,173,63,0,0,0,0,67,55,8,9,13,170,1,1,51,4
2025,ct_2006,33,299,6.7237,6.5647,6.7545,6.9083,6.0804,6.4506,7.3218,7.6917,,,,,5.3564,21.1209,20.0941,17.795,20.2885,20.0791,19.3909,18.3333,17.6571,19.0833,139,228,56,60,28,167,174,60,0,0,0,0,78,43,17,10,26,158,11,6,49,9
2025,ct_2006,34,509,5.7355,5.7245,6.0714,5.7277,4.8043,6.0563,6.8812,7.3737,,,,,4.4282,18.5622,19.0312,17.1367,17.7761,18.5442,18.825,18.35,14.5755,17.0,155,441,56,56,23,386,381,198,0,0,0,0,71,45,16,15,23,368,6,4,51,9
2025,ct_2006,35,306,5.9348,6.588,6.6628,6.7065,5.8529,6.5597,7.2909,7.288,,,,,5.5647,20.9553,19.2875,18.37,20.1533,20.1984,18.2,20.6917,18.0561,19.53,141,262,43,46,17,226,220,79,0,0,0,0,51,38,8,10,15,216,6,6,41,5
2025,ct_2006,36,186,6.0537,5.8702,6.537,6.6293,6.6071,6.6124,7.5893,7.3241,,,,,6.0087,20.5024,21.0312,20.05,19.2714,20.1521,20.5667,18.4625,17.5458,21.85,82,156,27,29,7,129,126,27,0,0,0,0,23,21,8,2,7,120,3,4,12,5
2025,ct_2006,37,210,6.2868,5.8292,6.3571,6.4936,6.15,6.3485,7.1791,7.7269,,,,,5.1956,20.1767,18.8773,15.8333,19.3038,19.1613,16.6875,9.65,15.3778,22.2,106,161,42,39,15,132,127,54,0,0,0,0,45,30,11,6,13,124,4,1,27,3
2025,ct_2006,38,522,5.9058,5.814,6.2474,6.1989,5.52,6.1042,6.9555,7.0283,,,,,4.3738,20.4167,16.6733,17.1182,18.4952,18.7669,16.9312,19.8667,15.323,18.5583,259,414,97,93,25,336,320,53,0,0,0,0,84,78,15,11,21,310,8,3,63,6
2025,ct_2006,39,241,6.364,5.4986,6.4167,6.102,5.0217,6.1324,7.147,7.1987,,,,,4.9593,19.9402,18.1761,16.3533,16.89,18.5856,14.58,11.1333,15.8045,16.3875,111,178,54,49,23,153,148,39,0,0,0,0,59,41,23,15,20,146,5,3,33,12
2025,ct_2006,40,458,5.8454,5.6323,6.0155,6.4102,6.2177,5.8732,6.7066,6.7237,,,,,4.0259,19.7622,17.575,18.4077,20.0448,18.0394,17.1812,19.3833,13.8357,19.2375,260,342,97,103,31,282,271,76,0,0,0,0,139,82,20,13,29,264,8,6,104,12
2025,ct_2006,41,221,5.4089,5.22,6.1486,5.8618,5.6053,5.3996,6.3442,6.7963,,,,,4.9696,19.4224,17.8318,17.55,18.1938,16.5763,18.2437,17.1688,15.5741,17.2,135,175,37,38,19,127,130,27,0,0,0,0,79,29,11,9,16,118,8,8,54,8
2025,ct_2006,42,248,6.7725,5.9822,6.2778,6.3371,6.2054,6.7222,7.7643,8.3229,,,,,5.6742,20.0643,19.637,19.3846,19.7944,20.571,19.0286,19.045,18.7281,18.9654,153,179,63,66,28,126,105,24,0,0,0,0,62,49,23,13,27,102,14,10,42,13
2025,ct_2006,43,220,5.9441,4.9007,6.25,6.4688,6.0,6.0376,6.9332,7.1953,,,,,4.88,20.1149,19.3469,19.75,20.55,17.5978,20.3375,18.25,15.1885,19.775,136,151,59,56,17,133,116,32,0,0,0,0,45,47,16,10,17,115,4,2,26,6
2025,ct_2006,44,238,6.5597,6.496,5.9682,6.4062,6.5625,6.3516,7.5017,8.2353,,,,,5.8176,19.4788,19.166,19.2588,20.7891,20.1076,19.5571,19.9591,19.488,19.4187,119,188,55,48,24,155,146,51,0,0,0,0,68,40,25,17,23,144,14,11,46,16
2025,ct_2006,45,122,5.8176,5.6412,6.9135,6.24,5.6111,5.3008,6.5205,6.881,,,,,4.264,20.7591,18.5833,18.76,17.4929,17.3319,21.2,,14.9566,17.1667,91,85,26,25,9,64,61,21,0,0,0,0,50,22,9,5,7,58,1,0,38,6
2025,ct_2006,46,271,5.6511,5.304,5.7171,5.8,5.7857,5.8513,6.9414,7.45,,,,,5.1216,18.4288,18.2368,17.7444,18.7042,17.8509,17.9,19.8,16.1371,18.6313,133,227,38,30,14,200,162,20,0,0,0,0,51,26,19,9,12,161,4,1,31,8
2025,ct_2006,47,182,6.2957,5.3589,6.3387,6.4453,6.15,6.1339,6.8656,6.8158,,,,,5.2957,19.1381,19.2917,13.3125,18.9821,17.9559,15.16,13.4875,16.8667,15.0625,94,140,31,32,15,112,106,19,0,0,0,0,46,21,12,4,14,102,5,4,27,4
2025,ct_2006,48,480,5.912,5.4533,6.25,6.3454,5.7179,5.7046,6.6866,7.0238,,,,,5.5816,19.7737,19.0844,17.684,19.0359,17.3014,17.2722,17.4194,17.8056,18.8022,366,364,108,97,39,259,217,42,0,0,0,0,163,78,48,25,39,209,18,18,108,23
2025,ct_2006,49,306,6.9745,5.9897,6.349,6.4837,5.8125,6.1397,7.2205,8.4464,,,,,6.1805,20.4012,20.28,19.18,20.0289,18.9832,19.9962,19.8333,20.558,21.2714,110,251,48,46,20,213,195,14,0,0,0,0,41,41,10,15,19,193,8,6,25,7
2025,ct_2006,50,374,6.1677,6.1733,6.2917,6.1364,6.0714,6.4489,7.1831,7.8289,,,,,5.2491,19.7375,19.1733,17.25,18.3048,19.6186,18.2527,17.0287,17.4867,19.0,186,316,54,55,21,274,239,76,0,0,0,0,57,44,15,10,21,222,11,8,39,6
2025,ct_2006,51,448,6.2155,6.3997,6.4858,6.2719,6.275,6.9687,7.7532,7.9837,,,,,5.2278,19.9225,18.8158,17.99,19.6583,21.0524,21.825,20.7571,17.9911,18.6611,194,384,53,57,20,351,312,92,0,0,0,0,72,40,19,5,18,310,6,7,45,9
2025,ct_2006,52,121,6.7046,5.7563,6.1786,5.7609,5.5227,6.4472,7.4286,8.2955,,,,,5.9742,19.1023,18.9474,18.1889,17.565,19.2178,19.725,18.9125,19.2154,16.625,65,89,35,23,11,71,70,11,0,0,0,0,31,22,19,9,10,68,4,4,13,6
2025,ct_2006,53,290,6.5592,6.2582,6.8351,6.8538,6.9861,6.299,7.3009,8.2593,,,,,5.6378,21.1671,21.4,20.1,21.4944,19.3669,22.9444,22.4917,20.2759,21.72,142,236,47,53,18,199,172,27,0,0,0,0,37,38,12,3,18,169,9,6,27,5
2025,ct_2006,54,379,5.8627,5.8636,5.7819,5.755,5.95,6.4443,7.268,7.7703,,,,,4.5902,18.4925,17.4563,14.6875,18.2036,19.427,14.94,13.0833,15.3672,13.9,134,325,47,50,15,296,278,37,0,0,0,0,41,40,8,4,14,275,5,3,32,2
2025,ct_2006,55,421,6.5753,5.6672,6.1202,6.3417,6.9741,6.4733,7.5498,8.0938,,,,,5.7698,18.3743,19.6,14.5167,20.8259,19.5728,19.0429,17.275,17.4143,18.96,170,317,52,90,58,281,276,16,0,0,0,0,53,35,15,3,56,268,7,4,28,5
2025,ct_2006,56,164,6.5419,6.0496,6.2778,6.2102,6.1562,6.5801,7.5,8.2344,,,,,5.5364,19.4578,19.8583,16.6,18.7188,19.6855,18.45,17.2,19.2417,19.7,86,116,36,44,16,103,96,16,0,0,0,0,22,32,6,5,16,93,3,3,12,3
2025,ct_2006,57,187,6.0316,5.4183,6.6429,6.75,7.3438,6.6621,7.6573,8.363,,,,,5.2273,20.8118,20.2667,22.2,21.6875,19.6359,21.825,19.6,17.4986,20.4167,76,153,21,28,16,145,143,104,0,0,0,0,22,17,6,6,16,138,2,1,14,3
2025,ct_2006,58,287,5.9512,6.7807,5.5,6.2803,7.3167,6.1041,7.1643,7.9625,,,,,5.2667,17.58,17.3438,18.02,21.91,20.0102,19.75,21.03,18.8,21.4214,86,247,25,33,15,233,213,40,0,0,0,0,30,20,8,5,15,203,2,5,15,7
2025,ct_2006,59,207,5.8283,6.4292,5.6912,5.5878,5.55,6.4825,7.3068,7.7283,,,,,4.5722,18.2357,17.4,14.5083,17.6143,20.2157,18.825,19.2071,17.8417,11.7,106,166,34,37,15,143,132,46,0,0,0,0,36,28,7,6,14,124,10,7,24,2
2025,ct_2006,60,182,6.3467,6.2264,6.2241,6.375,6.625,6.5496,7.4004,7.8796,,,,,4.8,19.537,16.85,15.3,20.3188,20.0981,15.55,15.675,16.0955,13.325,60,148,29,32,8,136,133,27,0,0,0,0,18,27,4,3,8,130,2,2,11,2
2025,ct_2006,61,210,5.9909,5.6279,6.0931,6.0333,5.81,6.2661,7.0126,7.25,,,,,4.3067,18.6755,15.6429,14.5893,18.3875,18.6226,15.2833,14.45,14.1396,14.7,110,159,51,60,25,140,119,21,0,0,0,0,30,49,7,14,24,119,12,11,24,5
2025,ct_2006,62,586,5.8648,6.5005,6.4211,6.2193,6.8,6.7744,7.4909,6.9764,,,,,3.9095,19.567,17.8308,11.2,19.9333,20.6755,18.7083,17.72,14.6948,15.9,182,527,57,57,10,492,466,53,0,0,0,0,42,50,13,2,9,453,6,5,29,6
2025,ct_2006,63,236,6.4131,6.2429,6.7202,6.8017,6.6923,6.2323,6.9375,7.4833,,,,,4.1756,21.0838,16.3917,18.0667,20.756,19.2601,18.1167,16.875,14.3891,17.65,107,175,42,58,26,155,152,90,0,0,0,0,41,37,6,6,25,149,3,4,32,5
2025,ct_2006,64,172,6.0431,6.2217,5.5588,6.0652,7.2812,6.2553,7.2892,8.2667,,,,,4.72,18.3313,14.95,18.95,22.6187,19.6136,16.2,17.125,16.925,17.95,51,150,17,23,8,141,134,15,0,0,0,0,15,16,1,2,8,132,1,2,12,1
2025,ct_2018,1,120768,5.2753,7.6258,7.2243,6.4535,6.37,6.561,6.479,,7.8599,7.06,5.6889,7.5,5.8173,20.6234,19.9632,16.4488,19.7777,19.4744,21.4546,20.5862,19.8809,18.8617,120277,120258,34042,16990,3681,49935,45335,0,25061,626,18,1162,60962,10848,20493,167,2737,26533,33723,16686,60775,2925
2025,ct_2018,2,96916,5.2518,7.1406,6.9573,5.9046,6.2662,6.5946,6.7118,,7.9569,7.2461,5.9985,7.4248,5.7038,18.4375,19.0173,15.1608,18.987,19.7413,20.009,18.8349,18.6619,17.6,96490,96193,42434,27166,8008,23913,25045,0,15056,719,101,214,49068,15067,24254,332,6456,13494,42127,26641,48826,4776
2025,ct_2018,3,28794,5.1953,6.9423,7.2104,6.3478,6.3264,6.6509,6.7161,,7.8392,6.6515,,7.8612,5.4603,20.2884,19.4434,14.5576,20.5345,18.4989,20.8738,20.014,18.8316,18.2886,28752,28721,9194,4786,657,9734,12597,0,6926,65,0,316,12835,3764,4729,66,461,5500,9145,4738,12806,470
2025,ct_2018,4,14030,5.1749,5.5972,7.0264,6.3372,6.4462,6.1767,6.3659,,7.6945,7.0732,4.85,7.3226,5.4073,19.9562,18.621,15.385,19.9923,17.045,18.5815,17.9454,16.8463,17.0656,13964,13924,6174,3535,744,3906,3608,0,2222,224,25,259,7201,2287,3469,40,557,2236,6102,3465,7155,596
2025,ct_2018,5,7116,3.4489,5.9613,6.2527,5.2284,4.2537,5.7221,5.9176,,6.8767,6.6556,4.1052,7.0264,4.9707,17.7971,17.5047,14.1289,15.1111,17.966,18.0489,17.0268,17.0565,15.0272,7047,7108,808,603,1097,4877,3484,0,2065,9,29,388,846,331,275,38,180,2432,801,598,843,57
2025,ct_2018,6,4987,3.7071,5.9927,6.277,5.6891,4.7765,6.3106,6.3762,,7.2991,7.0812,4.7531,7.7964,5.0818,18.3967,17.3751,14.0188,16.3709,18.7584,17.7611,17.7398,16.8743,16.6514,4826,4947,848,499,359,3534,2730,0,988,8,32,152,798,320,309,8,110,2196,811,470,787,35
2025,ct_2018,7,4224,4.0657,6.3615,6.4017,5.0911,4.7104,6.2938,6.5399,,7.0941,7.5,,7.3188,5.0225,17.2203,18.1669,13.634,14.3746,19.677,18.2436,16.5845,17.4852,16.251,4178,4209,792,844,637,2468,2070,0,1071,1,0,101,456,505,180,53,252,1477,778,831,455,48
2025,ct_2018,8,8988,4.1636,6.8561,6.8244,5.58,5.3127,6.4037,6.5512,,7.4459,7.4833,7.2143,8.1636,5.3844,18.8212,18.855,15.1403,17.3383,19.576,19.7468,18.3397,18.5894,16.544,8926,8967,1480,1167,763,4710,5205,0,2835,21,7,59,1665,608,592,62,349,3113,1464,1153,1657,108
2025,ct_2018,9,9834,4.4838,6.7807,7.1584,6.3507,5.1973,6.8242,6.8854,,7.7663,8.035,,8.4443,5.395,20.1484,19.1624,16.64,18.0503,20.7326,20.2688,19.5053,18.6182,17.7896,9756,9805,1720,1358,1138,5997,4910,0,2454,10,0,490,1565,877,579,85,376,3482,1697,1335,1558,82
2025,ct_2018,10,9593,3.9386,6.3093,6.6971,6.0326,5.5916,6.3738,6.4861,,7.6999,7.075,,7.847,5.4822,19.3771,18.193,15.4981,18.1932,18.9015,19.1267,18.6317,17.8084,17.9881,9517,9556,1638,1124,471,5688,6014,0,2213,6,0,415,1507,766,553,26,242,4193,1605,1096,1498,63
2025,ct_2018,11,3107,3.7769,6.7829,6.3941,5.7698,5.3768,6.7115,6.713,,7.6018,5.2562,5.7706,8.1008,5.3954,18.3304,17.3985,15.6714,17.6899,20.5655,18.4796,18.3298,17.8912,17.9917,3065,3097,408,270,211,2000,1824,0,857,32,80,129,392,163,136,21,69,1252,399,262,388,24
2025,ct_2018,12,18559,4.4304,6.7757,6.941,6.0892,5.7422,6.1578,6.2236,,7.6364,7.65,5.4892,7.328,5.2363,19.8038,18.8166,16.3453,18.1707,18.4589,20.1679,19.2242,18.4436,17.5945,18504,18426,3918,3233,947,9955,9368,0,4730,25,37,647,4113,2058,1365,32,588,6409,3897,3205,4104,364
2025,ct_2018,13,9111,4.0045,6.8169,6.8743,6.1931,4.976,6.2096,6.447,,7.3152,5.229,4.4529,7.6874,5.1642,19.8996,18.6516,15.0085,17.8297,19.3513,19.809,19.1831,18.2802,17.9527,9048,9095,1202,953,885,5884,4856,0,1770,181,51,581,1845,521,479,41,251,3472,1191,941,1839,112
2025,ct_2018,14,12598,3.629,5.7915,6.6496,5.6862,4.7828,6.3112,6.2136,,7.095,7.1963,,7.3931,5.3119,18.7552,18.4606,13.6006,16.0144,19.2229,18.2704,17.2349,17.2358,17.943,12380,12560,1424,1329,1346,6968,8009,0,4841,27,0,152,1082,737,430,79,458,4413,1396,1298,1073,64
2025,ct_2018,15,18489,4.8208,7.2089,7.3029,6.3839,5.7427,7.2241,7.2579,,8.0365,8.1786,,8.4338,5.3971,20.7103,19.5309,15.9933,18.1562,21.6057,21.1101,20.0081,19.0035,17.5748,18451,18458,3599,2813,979,7764,11085,0,5620,7,0,65,5012,1958,1426,104,616,5614,3575,2787,5007,222
2025,ct_2018,16,16232,5.4503,7.774,7.5046,6.7074,6.6082,7.2441,7.4907,,8.4259,8.43,6.85,8.5,5.5608,21.1786,20.2291,17.1365,21.1147,21.8795,22.0523,21.3011,19.9605,18.8417,16201,16202,4770,3150,540,8268,8623,0,1383,15,1,1,5633,2618,1969,85,368,6484,4745,3133,5620,133
2025,ct_2018,17,19466,4.5491,7.1097,7.2314,6.3682,6.0252,6.3492,6.4509,,7.8127,6.8195,8.25,7.7288,5.5863,20.419,19.6024,16.597,19.4196,19.1219,20.9778,20.1004,19.0763,17.3956,19433,19434,3821,2201,741,9034,10660,0,5727,110,1,182,6138,1364,2032,33,439,6045,3794,2181,6124,330
2025,ct_2018,18,23636,4.728,7.0951,6.9337,6.2366,6.2736,6.71,6.6936,,7.8065,6.4192,6.4477,8.0422,5.2783,19.8557,18.7105,15.9632,19.7215,20.0951,20.3884,19.7497,18.6798,17.6445,23593,23576,6676,4383,763,11044,11846,0,5531,99,22,437,6043,3519,2356,72,552,7306,6632,4340,6026,172
2025,ct_2018,19,19340,5.1924,6.585,7.4057,6.5599,6.7012,6.8769,6.8539,,7.5809,8.225,,8.1587,5.432,20.676,19.5919,13.6214,21.2039,20.0005,20.6629,19.7661,18.6797,18.1517,19308,19309,6857,4767,450,8402,8944,0,3044,12,0,75,5957,4174,2431,7,368,5740,6834,4742,5951,172
2025,ct_2018,21,26455,5.0284,7.1273,7.1398,6.4429,6.2851,6.6006,6.8571,,7.9833,8.0841,4.9,8.3454,5.4473,20.4989,19.2024,16.9163,19.8247,19.495,20.9512,20.3028,19.2661,17.7374,26404,26387,8468,5313,707,10150,13445,0,6477,22,3,362,7752,4340,3354,52,480,7208,8417,5260,7740,356
2025,ct_2018,22,17971,4.7967,6.6782,7.0362,6.3175,5.737,6.2976,6.1644,,7.5912,7.0423,5.9764,7.9727,5.1797,20.3885,18.598,16.1645,19.2242,18.3463,20.3043,19.6941,18.4281,17.9106,17926,17928,5279,3630,820,9254,8807,0,2896,71,53,324,4608,2766,1821,69,456,6228,5257,3594,4596,273
2025,ct_2018,23,10552,3.9107,6.3726,6.8578,5.9345,5.076,6.5578,6.4314,,7.4949,7.4324,7.75,7.8826,5.3859,19.7113,18.973,15.3288,17.4814,19.5239,19.5215,18.3717,18.0543,17.2695,10488,10530,1552,1317,806,6165,6395,0,3251,17,5,141,1440,850,479,66,271,4075,1533,1298,1438,77
2025,ct_2018,24,10207,5.1696,7.0484,7.3871,6.3662,5.9928,6.8101,6.8728,,8.0908,9.1136,,,5.3339,20.5021,19.2995,16.1304,18.4461,19.7762,21.1453,20.0316,18.9901,17.8807,10172,10176,3310,2500,390,5228,4744,0,965,11,0,0,3225,1900,1248,51,272,3917,3288,2475,3219,306
2025,ct_2018,25,23245,5.6418,7.0019,7.2951,6.4504,5.9919,7.1007,7.4381,,8.0095,7.8559,6.875,,5.3553,20.3156,19.2523,15.5188,19.0148,20.8802,20.8446,19.9528,18.9626,18.6708,23209,23175,11068,9080,1259,7355,8166,0,2348,17,2,0,7125,7625,3135,69,959,5120,11016,9023,7112,461
2025,ct_2018,26,23817,5.1717,6.9998,7.0614,6.17,5.825,6.7202,6.5991,,7.9447,7.0318,,8.239,5.3268,19.8597,19.0847,15.4462,18.3222,19.5855,20.6001,19.5692,18.9406,17.8988,23789,23706,8160,6200,1076,11344,9050,0,4285,11,0,177,7189,4865,2754,52,780,6267,8077,6108,7166,404
2025,ct_2018,27,12324,5.1552,6.6604,7.3783,6.5014,6.4905,7.0875,7.2129,,7.8201,8.5578,5.7067,,5.3836,20.477,19.7169,17.8633,19.5229,20.3714,20.6486,19.6604,18.7386,18.9157,12288,12288,3581,2892,468,6331,6570,0,1126,32,45,0,3571,2345,1068,15,400,4775,3556,2861,3566,134
2025,ct_2018,28,40391,4.6038,7.6089,6.989,5.9955,5.6146,6.6,6.6676,,7.7318,7.8025,,7.6552,5.3168,19.3495,19.724,15.3031,18.268,20.5599,20.8694,19.7189,19.4457,17.6953,40105,40250,9967,8444,2140,20871,20106,0,9060,40,0,432,9522,6495,2784,128,1342,13948,9860,8333,9490,423
2025,ct_2018,29,39183,4.8165,8.0351,7.2145,6.3083,5.3493,6.8567,6.9419,,7.7058,7.3183,5.5185,8.0332,5.4303,20.5439,19.7111,14.2953,18.0381,22.2286,21.6713,20.6929,19.9815,17.6746,39012,39062,9703,8470,3437,16970,18164,0,12219,230,130,687,8221,6006,2575,318,1700,9525,9607,8369,8199,461
2025,ct_2018,30,16964,4.8466,7.9135,7.3655,6.737,6.1853,6.5711,6.7032,,7.9956,8.0173,6.4167,7.9941,5.3324,20.8165,19.3236,15.5406,19.7388,20.4008,21.802,21.1301,19.7035,18.7695,16886,16894,4116,3150,885,8005,9665,0,3589,26,3,85,4363,2310,1618,48,626,6171,4069,3094,4347,182
2025,ct_2018,31,11563,4.437,6.8994,6.7574,6.0495,5.1409,6.4883,6.6217,,7.5614,5.9904,5.0779,7.8617,5.2664,19.3274,18.7454,14.2798,18.0863,20.3458,19.4502,18.9487,18.4225,17.4004,11517,11525,2479,1795,867,5748,5021,0,3730,109,138,1266,1900,1187,732,62,355,2760,2451,1764,1892,126
2025,ct_2018,32,8905,4.4957,7.1453,7.0361,6.2589,5.851,6.5017,6.7707,,7.3599,6.424,5.475,7.6644,5.259,19.7728,18.8346,15.5143,18.885,21.1441,20.1979,19.5175,18.5433,17.9795,8836,8848,2583,1771,457,3962,3414,0,2570,242,22,545,2210,1287,963,21,306,2074,2538,1726,2196,129
2025,ct_2018,33,13596,4.8791,7.1938,7.1397,6.5725,5.8087,6.4813,6.786,,7.51,6.5345,6.0738,7.707,5.2085,20.4863,19.0018,16.2951,19.4225,20.8483,20.4279,19.977,18.3745,18.3748,13518,13523,4185,3006,1089,5179,4150,0,3621,206,42,990,4662,1911,1739,41,662,2267,4153,2947,4647,311
2025,ct_2018,34,17968,4.6394,6.8073,6.9397,6.0962,6.0786,6.1727,6.4847,,7.0843,6.6613,5.1156,7.1091,5.0849,19.1747,18.1855,14.2093,19.6686,19.8945,19.5845,18.8586,18.0567,17.2687,17892,17925,7022,4355,696,7621,6523,0,3808,151,48,1111,4563,3581,2480,81,460,4184,6992,4318,4556,209
2025,ct_2018,35,14114,4.7602,6.7223,6.8613,6.1481,5.8968,6.1446,5.9851,,7.1359,6.7114,5.0567,7.2096,5.0422,19.2351,18.3697,15.112,18.6968,18.1817,19.7188,19.0044,18.1204,18.0799,14061,14074,5199,3490,547,6499,5845,0,2209,79,105,376,3829,2659,1754,25,375,4247,5170,3459,3819,329
2025,ct_2018,36,5122,4.5107,6.1589,6.9759,5.9365,5.6227,6.3139,6.4332,,7.4278,6.7095,4.6769,7.5963,5.2715,18.8888,18.4098,14.224,18.5497,19.0016,19.0161,17.8879,17.8049,17.6508,5088,5104,1530,1208,308,2460,2486,0,1035,21,13,176,988,917,486,25,178,1735,1514,1194,984,60
2025,ct_2018,37,19836,4.6963,6.9036,7.0615,6.1649,6.1531,6.3067,6.3289,,7.4743,7.4903,6.2275,7.8625,4.9485,19.7837,18.2548,16.5958,18.9178,19.0339,20.0473,19.1646,17.7945,16.8279,19764,19796,6231,4069,828,7315,7866,0,5495,124,69,307,7324,2375,3103,36,603,4221,6204,4047,7306,842
2025,ct_2018,38,15616,4.3258,6.6155,6.802,5.8751,5.4767,6.1834,6.3262,,7.196,6.5247,5.4818,7.5416,5.1283,18.8989,18.3186,14.3328,17.1226,19.1754,19.3011,18.3803,17.875,16.6147,15560,15568,4890,3735,1034,7682,6387,0,3221,85,55,855,3237,2534,1542,58,658,4619,4857,3706,3219,341
2025,ct_2018,39,10591,4.6108,6.4887,6.7941,5.9415,5.7093,6.3167,6.4956,,7.3933,6.702,6.2444,7.4282,5.0112,18.991,18.2161,14.796,17.8761,19.3969,19.1091,18.2188,17.2523,16.506,10516,10548,3083,2441,648,4383,3944,0,2924,124,90,321,3177,1511,1139,25,428,2323,3050,2408,3164,364
2025,ct_2018,40,22013,4.295,6.1801,6.7093,5.7451,5.5869,5.9694,6.112,,7.3553,6.3899,5.0269,7.2888,5.0791,18.3821,18.2006,15.3114,17.6062,17.9312,18.7053,17.7511,17.3771,17.2624,21928,21937,6341,4713,1406,10581,9824,0,5334,94,39,475,5164,3115,2326,118,882,6670,6281,4655,5143,465
2025,ct_2018,41,14476,4.7088,6.8746,6.8008,5.9914,5.9037,5.9763,6.161,,7.5933,6.8521,6.5583,7.3791,5.1536,19.123,18.2886,15.385,18.5785,17.9347,19.5836,18.9315,17.9543,17.0199,14427,14427,5417,3042,695,5199,5615,0,2998,143,6,247,5528,1952,2531,40,499,3598,5384,3012,5509,452
2025,ct_2018,42,16612,4.6852,6.5244,6.9369,5.8227,5.8149,6.3022,6.6026,,7.6642,6.28,5.4377,7.8369,5.1863,18.8138,18.4137,16.0456,17.4068,19.1891,19.3239,18.1559,17.536,16.7822,16600,16568,5517,3929,1253,6580,6442,0,3380,298,53,657,5047,2349,2394,113,842,4002,5490,3901,5031,552
2025,ct_2018,43,11909,4.6855,6.7266,6.8648,5.7565,6.1068,6.5242,6.7082,,7.9836,8.119,7.0485,8.096,5.018,18.2078,18.036,15.0488,18.3071,19.1646,19.3548,18.1698,17.7467,16.5148,11878,11884,4566,3034,507,4537,4928,0,2285,21,33,173,3710,2455,1822,42,410,3408,4547,3012,3706,128
2025,ct_2018,44,16776,5.4021,6.8543,7.3303,6.2945,6.6614,7.1424,7.4425,,8.2423,7.6143,8.625,,5.7229,19.4064,19.8358,16.5636,19.8439,21.1498,20.1739,19.057,18.6592,18.1198,16713,16701,8235,5374,906,5210,5132,0,1926,189,2,0,6479,4011,3446,44,797,3519,8186,5329,6443,485
2025,ct_2018,45,6178,4.2525,6.2219,6.6687,5.6753,5.46,6.0139,6.2453,,7.2602,5.9027,5.8379,7.5699,4.9015,18.108,17.8296,13.5386,17.0902,18.9271,18.3401,17.3449,16.7082,16.4271,6140,6158,1932,1286,391,2601,2033,0,1810,336,58,267,1617,874,701,22,241,1210,1917,1271,1611,118
2025,ct_2018,46,10928,4.4769,6.8471,6.705,5.6357,5.6683,6.2452,6.4544,,7.668,6.9654,4.1,8.0853,5.0574,17.8734,17.8626,16.395,16.852,19.0975,19.0805,17.9172,17.5957,16.3848,10912,10891,3351,2682,665,4509,5103,0,2555,13,1,95,2838,1687,1271,30,512,3168,3328,2655,2828,333
2025,ct_2018,47,13361,4.557,6.6135,6.8967,5.8061,5.811,6.4766,6.6659,,7.724,7.0027,5.8409,7.6684,4.9656,18.5322,17.9994,15.3678,17.7847,19.4943,19.1927,18.1041,17.193,16.9261,13286,13322,4001,2493,611,5703,4910,0,3750,183,77,535,4427,1673,1784,45,408,3171,3969,2465,4415,283
2025,ct_2018,48,36626,4.6401,6.4406,6.7657,5.7833,5.7676,6.1294,6.3001,,7.6199,6.8394,5.7484,7.7815,5.2449,18.5213,18.0862,15.603,17.3182,18.0569,19.1744,18.142,17.731,16.9981,36407,36360,12320,7725,1784,15164,15071,0,7471,268,96,510,12371,4910,5955,118,1269,9909,12240,7641,12333,1268
2025,ct_2018,49,15753,4.7254,6.7999,6.6541,5.6712,5.594,6.5862,6.697,,7.8084,6.8517,6.275,7.9144,4.9042,17.9885,17.2406,15.3514,16.8845,19.7012,18.9571,17.9901,17.1516,16.5358,15662,15707,6519,4848,1270,4877,5473,0,2932,88,64,180,5212,3092,2635,109,863,3166,6488,4815,5195,689
2025,ct_2018,50,17307,4.3654,6.7939,6.5791,5.606,5.6187,6.4519,6.624,,7.6479,6.7149,5.6875,7.6774,5.0474,17.7647,17.7515,14.6159,16.895,19.7592,18.889,17.9313,17.4699,16.5759,17241,17241,5144,4630,1812,7992,6944,0,4027,84,68,337,3521,2764,1527,132,1289,4673,5101,4573,3511,359
2025,ct_2018,51,20715,4.5667,7.1923,6.9316,5.9252,6.0257,6.7919,6.9593,,7.8598,6.8126,6.1331,7.6445,4.9593,18.8349,17.8561,16.9041,17.6799,20.6947,19.8078,18.8558,17.7651,16.3838,20653,20677,6191,4707,2033,9143,8573,0,3965,424,210,520,5627,2514,2539,134,1532,6060,6168,4681,5611,413
2025,ct_2018,52,14120,5.1104,6.8397,6.7191,5.7719,5.9769,6.6242,6.6413,,7.8519,6.6801,6.6,7.6334,5.3661,18.3648,18.2164,13.9541,19.0256,19.5879,19.3668,18.4688,18.0388,17.4061,14087,14096,6603,3353,562,3212,4197,0,3130,103,5,295,6699,2468,3478,37,377,1953,6589,3339,6689,429
2025,ct_2018,53,16565,4.8267,7.0227,6.8943,5.8515,5.7627,6.5783,6.906,,8.037,6.9368,6.7531,8.1618,4.9865,18.5575,17.9523,15.1506,17.4962,20.0275,19.6075,18.5041,17.7338,16.8461,16540,16524,6503,4995,1292,5800,6276,0,2764,91,16,245,5130,3337,2381,169,920,3993,6483,4966,5117,528
2025,ct_2018,54,15249,4.2582,6.9593,6.5989,5.5436,5.5461,6.4901,6.4373,,7.7545,6.9989,6.2474,7.4109,4.8909,17.6987,17.6027,15.2127,17.1278,19.6176,19.0992,18.0665,17.4172,16.5777,15183,15206,3785,2978,1629,8064,7028,0,3500,89,38,46,3319,1706,1400,157,940,4967,3755,2944,3310,191
2025,ct_2018,55,13285,4.5927,7.2096,6.9257,6.1082,6.2627,6.6125,6.7159,,7.7269,7.174,6.7679,7.9367,5.3745,18.8405,18.5044,15.5121,18.6828,20.5342,19.8843,19.085,18.3286,17.3209,13169,13050,4068,3518,1579,4999,4802,0,3281,235,28,492,3530,1823,1680,103,1223,2964,4014,3306,3496,316
2025,ct_2018,56,12215,4.5907,6.93,6.7068,5.9499,5.8983,6.3503,6.6467,,7.946,6.8477,6.9893,8.349,4.9864,18.5424,17.6583,14.7896,18.3681,19.4677,19.3001,18.6585,17.5359,16.9219,12188,12172,4187,3134,840,5260,5205,0,2448,133,42,201,2954,2110,1374,72,565,3537,4165,3102,2944,278
2025,ct_2018,57,11484,4.4845,5.9801,6.9161,6.029,5.8845,6.7269,6.7902,,7.7762,6.8685,7.1778,8.2693,5.0501,18.8952,17.7062,16.4525,17.8032,19.381,18.5638,17.851,16.686,16.8361,11473,11462,3392,2611,1265,4300,4810,0,3414,238,54,491,2380,1595,1198,122,790,2503,3378,2594,2375,151
2025,ct_2018,58,10056,4.0312,7.3566,6.3426,5.3857,5.2148,6.0972,6.1539,,7.3717,6.1139,6.2146,7.6657,4.8425,17.3324,17.1805,14.5626,15.8829,19.834,19.1581,18.2692,17.8468,16.62,10030,10043,2151,2015,1155,4718,4636,0,3269,176,48,402,1530,1077,613,111,683,2574,2148,2004,1528,145
2025,ct_2018,59,11173,4.072,7.2684,6.405,5.457,5.25,6.2209,6.2383,,7.6194,6.4517,7.75,7.7726,4.7613,17.492,16.9595,15.3525,16.4156,19.7302,19.0769,18.2371,17.4075,15.4812,11094,11153,2642,1987,1259,5729,4862,0,3195,89,3,416,2137,1144,960,118,646,3117,2629,1972,2130,109
2025,ct_2018,60,6737,4.6242,7.0833,6.7382,5.9259,5.8943,6.9513,7.0651,,7.7736,6.6868,6.3875,8.1673,5.2298,18.7411,18.2489,15.1816,17.9501,21.2635,19.4092,18.8125,18.0348,17.5927,6661,6714,2262,1829,662,3578,2597,0,1218,34,8,75,1190,1225,552,79,450,2096,2248,1813,1184,96
2025,ct_2018,61,10885,4.2581,6.9245,6.3424,5.2363,5.5976,6.8024,6.8369,,7.8059,6.2623,8.625,7.6338,4.8614,16.9528,17.2221,13.7848,16.4217,20.7666,18.5011,17.3413,17.2425,15.4087,10853,10856,3016,2816,1358,4667,4886,0,2258,167,2,400,2194,1580,965,102,996,3183,2995,2796,2186,120
2025,ct_2018,62,6987,3.8125,6.8255,6.4674,5.5751,5.0219,6.2998,6.4935,,6.8208,5.3533,7.9071,7.7726,5.5539,18.1844,19.0094,14.0353,16.4346,20.1703,18.7403,17.9814,18.5149,18.034,6843,6959,913,869,656,4662,4143,0,1945,15,7,137,580,502,202,34,276,3062,891,846,574,50
2025,ct_2018,63,8284,4.229,6.5243,6.4373,5.3912,5.4404,6.3603,6.6529,,7.3372,7.0361,7.6167,7.7267,4.9177,17.4032,17.7257,14.8129,16.8494,20.0736,18.2282,17.3019,17.3018,15.8379,8255,8251,2594,1860,622,3987,3352,0,2354,72,3,292,1409,1327,690,93,360,2137,2572,1832,1405,103
2025,ct_2018,64,7234,4.1366,7.3336,6.4708,5.5315,5.5225,6.429,6.6124,,7.6925,5.9647,5.5838,7.9175,4.8332,17.4506,17.2617,15.9457,17.1615,20.3841,19.0461,18.254,17.4865,15.9278,7202,7215,1738,1670,804,3618,2669,0,1969,204,102,580,1106,961,384,58,454,1682,1723,1654,1103,108
2021,pre_2025,NATIONAL,987704,6.6137,6.4703,6.5664,6.6304,5.5156,4.9717,6.9554,8.3742,,,,,5.8499,21.0058,21.068,19.8932,19.9776,18.3179,21.0033,21.0569,19.2597,21.108,977364,974441,345084,346719,341289,634726,628878,532237,0,0,0,0,868289,343438,332474,338060,341241,628485,335693,335618,864975,331158
2022,pre_2025,NATIONAL,995441,6.4663,6.5077,6.7238,6.7039,5.0191,6.3439,6.6779,8.0333,,,,,5.1577,21.0955,20.2909,19.3996,19.4039,19.452,21.0493,21.0138,18.4381,20.2397,982726,981407,325523,327367,322198,659662,657421,554343,0,0,0,0,870609,323673,312164,318688,322124,656942,315585,315494,866730,310920
2023,pre_2025,NATIONAL,1022060,6.2506,6.8582,6.5739,6.7446,6.3949,6.0256,6.1475,8.2858,,,,,5.4624,20.7745,20.2753,20.4265,20.6047,18.9749,21.0115,21.1735,18.903,20.4233,1003373,1008239,327189,328118,324625,683447,682134,565452,0,0,0,0,880997,325902,315146,322538,324554,681723,320523,320465,878007,314274
2024,pre_2025,NATIONAL,1061605,6.4473,7.2311,6.6669,6.6808,6.2841,6.5703,7.1935,8.1565,,,,,5.5219,20.9046,20.4738,20.5102,20.5311,20.9528,21.5456,21.5465,19.5093,20.4535,1045613,1050101,345615,346518,342378,706214,704682,583609,0,0,0,0,912705,343800,329761,339801,342291,704008,337425,337293,908866,328435
2025,ct_2006,NATIONAL,22090,6.4634,6.2364,6.4236,6.3537,5.8759,6.3647,7.1905,7.6978,,,,,5.4628,20.1339,19.6198,18.4208,19.7424,19.5072,19.4697,18.6956,18.5517,18.9296,11245,17372,4134,4148,1721,13872,13109,4099,0,0,0,0,5252,3267,1291,913,1643,12635,625,471,3723,686
2025,ct_2018,NATIONAL,1131136,4.7831,7.0021,6.9851,6.0649,5.7783,6.5193,6.6278,,7.6914,6.7828,5.7925,7.7159,5.4055,19.3693,18.8724,15.3195,18.2894,19.7208,20.0884,19.1145,18.6135,17.5183,1126172,1126726,347599,240135,69895,481293,476472,0,246401,7602,2290,22048,357723,162200,147639,4795,44964,297377,345014,237064,356525,24710
